from,from_desc,to,to_desc,conditions,prob,mean_time_diff
HOME,Home,HOME,Home,A,0.256120971735123,512.98563194402
HOME,Home,DRSPLTY_PCP,Primary Care,A,0.493365557768645,142.914441756865
HOME,Home,DRSPLTY_19,Ophthalmology,A,0.03971730313686,149.933182749791
HOME,Home,DRSPLTY_1,Immunology,A,0.003337690257489,95.7275822868116
HOME,Home,DRSPLTY_3,Cardiology,A,0.003108922680785,131.46015953904
HOME,Home,DRSPLTY_91,Other Dr Specialty,A,0.061616024364682,137.086235621661
HOME,Home,DRSPLTY_33,Urology,A,0.004462230389488,138.732511867204
HOME,Home,DRSPLTY_7,Gastroenterology,A,0.006498595165274,119.043263288778
HOME,Home,DRSPLTY_9,General Surgery,A,0.004510120239685,147.853784283859
HOME,Home,DRSPLTY_11,OB/GYN,A,0.059680695297252,128.428766242146
HOME,Home,DRSPLTY_15,Nephrology,A,0.000425360610467,77.1410188100593
HOME,Home,DRSPLTY_20,Orthopedics,A,0.020518696121506,138.186881494178
HOME,Home,DRSPLTY_28,Psychiatry,A,0.013615684908672,93.6610030438233
HOME,Home,DRSPLTY_16,Neurology,A,0.005484510458142,94.1708962663321
HOME,Home,DRSPLTY_18,Oncology,A,0.002170423587029,78.8697219799978
HOME,Home,DRSPLTY_4,Dermatology,A,0.017879120615786,133.008670567282
HOME,Home,DRSPLTY_22,Otorhinolaryngology,A,0.007488092663114,99.2919222783746
DRSPLTY_PCP,Primary Care,HOME,Home,A,0.227088552268844,162.108797631111
DRSPLTY_PCP,Primary Care,DRSPLTY_PCP,Primary Care,A,0.568503785358373,66.7443902000337
DRSPLTY_PCP,Primary Care,DRSPLTY_19,Ophthalmology,A,0.029707817075732,73.51940974828
DRSPLTY_PCP,Primary Care,DRSPLTY_1,Immunology,A,0.005867947561577,43.7730005344369
DRSPLTY_PCP,Primary Care,DRSPLTY_3,Cardiology,A,0.00445923345361,30.4644372359592
DRSPLTY_PCP,Primary Care,DRSPLTY_91,Other Dr Specialty,A,0.047297979142924,55.5848688841259
DRSPLTY_PCP,Primary Care,DRSPLTY_33,Urology,A,0.004935841842435,44.9167022776506
DRSPLTY_PCP,Primary Care,DRSPLTY_7,Gastroenterology,A,0.009662648651005,43.9168604882781
DRSPLTY_PCP,Primary Care,DRSPLTY_9,General Surgery,A,0.005206193339879,42.7387517595216
DRSPLTY_PCP,Primary Care,DRSPLTY_11,OB/GYN,A,0.029118303110385,71.3004462599735
DRSPLTY_PCP,Primary Care,DRSPLTY_15,Nephrology,A,0.000460206663397,45.6705429861713
DRSPLTY_PCP,Primary Care,DRSPLTY_20,Orthopedics,A,0.018682245526797,48.2034250810247
DRSPLTY_PCP,Primary Care,DRSPLTY_28,Psychiatry,A,0.01293655296496,45.0720114857794
DRSPLTY_PCP,Primary Care,DRSPLTY_16,Neurology,A,0.007034022042607,39.1721197369659
DRSPLTY_PCP,Primary Care,DRSPLTY_18,Oncology,A,0.001549165117418,43.0990777404379
DRSPLTY_PCP,Primary Care,DRSPLTY_4,Dermatology,A,0.015189186053257,60.4091494789235
DRSPLTY_PCP,Primary Care,DRSPLTY_22,Otorhinolaryngology,A,0.012300319826799,38.0051295306548
DRSPLTY_19,Ophthalmology,HOME,Home,A,0.222133442485002,170.161457759683
DRSPLTY_19,Ophthalmology,DRSPLTY_PCP,Primary Care,A,0.300908501716133,76.7556145631878
DRSPLTY_19,Ophthalmology,DRSPLTY_19,Ophthalmology,A,0.245772763851424,36.1885031374646
DRSPLTY_19,Ophthalmology,DRSPLTY_1,Immunology,A,0.005191538121244,47.7193164788157
DRSPLTY_19,Ophthalmology,DRSPLTY_3,Cardiology,A,0.005054665903389,36.4762314659844
DRSPLTY_19,Ophthalmology,DRSPLTY_91,Other Dr Specialty,A,0.065743026256992,57.351968587938
DRSPLTY_19,Ophthalmology,DRSPLTY_33,Urology,A,0.00632714944155,63.8193228972548
DRSPLTY_19,Ophthalmology,DRSPLTY_7,Gastroenterology,A,0.009001173696466,32.369143965786
DRSPLTY_19,Ophthalmology,DRSPLTY_9,General Surgery,A,0.005034119123298,70.8495589706987
DRSPLTY_19,Ophthalmology,DRSPLTY_11,OB/GYN,A,0.051538898479222,69.1539909040571
DRSPLTY_19,Ophthalmology,DRSPLTY_15,Nephrology,A,0.000463098391091,35.3169482636989
DRSPLTY_19,Ophthalmology,DRSPLTY_20,Orthopedics,A,0.016653777026887,40.2693974570794
DRSPLTY_19,Ophthalmology,DRSPLTY_28,Psychiatry,A,0.013135762759372,33.0407934295537
DRSPLTY_19,Ophthalmology,DRSPLTY_16,Neurology,A,0.009125026755472,42.5819879396492
DRSPLTY_19,Ophthalmology,DRSPLTY_18,Oncology,A,0.003576606305504,44.2526855028928
DRSPLTY_19,Ophthalmology,DRSPLTY_4,Dermatology,A,0.031213376739724,57.61057181729
DRSPLTY_19,Ophthalmology,DRSPLTY_22,Otorhinolaryngology,A,0.009127072947231,53.332064561997
DRSPLTY_1,Immunology,HOME,Home,A,0.091634284399147,121.091331185541
DRSPLTY_1,Immunology,DRSPLTY_PCP,Primary Care,A,0.180380750956015,54.5923820628003
DRSPLTY_1,Immunology,DRSPLTY_19,Ophthalmology,A,0.018530888922005,44.1110221660668
DRSPLTY_1,Immunology,DRSPLTY_1,Immunology,A,0.567502263592905,16.2617676259135
DRSPLTY_1,Immunology,DRSPLTY_3,Cardiology,A,0.001435925063252,22.4752599484585
DRSPLTY_1,Immunology,DRSPLTY_91,Other Dr Specialty,A,0.036830160087564,46.7372498960472
DRSPLTY_1,Immunology,DRSPLTY_33,Urology,A,0.000714448728214,9.47878816948144
DRSPLTY_1,Immunology,DRSPLTY_7,Gastroenterology,A,0.008282869840581,13.2872169481572
DRSPLTY_1,Immunology,DRSPLTY_9,General Surgery,A,0.000767836812913,39.5095842574369
DRSPLTY_1,Immunology,DRSPLTY_11,OB/GYN,A,0.024378571323543,49.4627972543323
DRSPLTY_1,Immunology,DRSPLTY_15,Nephrology,A,0,NA
DRSPLTY_1,Immunology,DRSPLTY_20,Orthopedics,A,0.011251115309399,28.8887091641813
DRSPLTY_1,Immunology,DRSPLTY_28,Psychiatry,A,0.016317174389076,15.6357653837017
DRSPLTY_1,Immunology,DRSPLTY_16,Neurology,A,0.011535941785627,7.55408842355102
DRSPLTY_1,Immunology,DRSPLTY_18,Oncology,A,0.000917283518542,28.3188260914728
DRSPLTY_1,Immunology,DRSPLTY_4,Dermatology,A,0.012526745059003,35.5428596398344
DRSPLTY_1,Immunology,DRSPLTY_22,Otorhinolaryngology,A,0.016993740212214,18.7369155651968
DRSPLTY_3,Cardiology,HOME,Home,A,0.154948589261074,156.579723061796
DRSPLTY_3,Cardiology,DRSPLTY_PCP,Primary Care,A,0.30873955971874,59.2049206565478
DRSPLTY_3,Cardiology,DRSPLTY_19,Ophthalmology,A,0.02936154023955,38.8001861827714
DRSPLTY_3,Cardiology,DRSPLTY_1,Immunology,A,0.002092667675911,39.1443456564222
DRSPLTY_3,Cardiology,DRSPLTY_3,Cardiology,A,0.292147971591283,29.2767531491203
DRSPLTY_3,Cardiology,DRSPLTY_91,Other Dr Specialty,A,0.061053283520162,25.3585734751487
DRSPLTY_3,Cardiology,DRSPLTY_33,Urology,A,0.009505294561316,36.6926318894902
DRSPLTY_3,Cardiology,DRSPLTY_7,Gastroenterology,A,0.014393806913602,15.2876477675663
DRSPLTY_3,Cardiology,DRSPLTY_9,General Surgery,A,0.00765128743078,48.0307807209005
DRSPLTY_3,Cardiology,DRSPLTY_11,OB/GYN,A,0.0309742698665,51.660975517875
DRSPLTY_3,Cardiology,DRSPLTY_15,Nephrology,A,0.00262299529968,12.4275861250468
DRSPLTY_3,Cardiology,DRSPLTY_20,Orthopedics,A,0.014990525615518,37.9144813045627
DRSPLTY_3,Cardiology,DRSPLTY_28,Psychiatry,A,0.010480793686684,29.2043196126032
DRSPLTY_3,Cardiology,DRSPLTY_16,Neurology,A,0.022251900589064,33.6131707092971
DRSPLTY_3,Cardiology,DRSPLTY_18,Oncology,A,0.006049870419726,10.9738991484741
DRSPLTY_3,Cardiology,DRSPLTY_4,Dermatology,A,0.020753997235519,38.5334425414811
DRSPLTY_3,Cardiology,DRSPLTY_22,Otorhinolaryngology,A,0.011981646374891,36.544802442909
DRSPLTY_91,Other Dr Specialty,HOME,Home,A,0.119822413130978,156.109344919972
DRSPLTY_91,Other Dr Specialty,DRSPLTY_PCP,Primary Care,A,0.167087145243512,63.5995924908823
DRSPLTY_91,Other Dr Specialty,DRSPLTY_19,Ophthalmology,A,0.027545042488249,54.094910632599
DRSPLTY_91,Other Dr Specialty,DRSPLTY_1,Immunology,A,0.00345562772134,37.1057252852656
DRSPLTY_91,Other Dr Specialty,DRSPLTY_3,Cardiology,A,0.002818739039267,41.2700149201904
DRSPLTY_91,Other Dr Specialty,DRSPLTY_91,Other Dr Specialty,A,0.548099824388374,17.8712414039973
DRSPLTY_91,Other Dr Specialty,DRSPLTY_33,Urology,A,0.005618762470781,40.6457704117452
DRSPLTY_91,Other Dr Specialty,DRSPLTY_7,Gastroenterology,A,0.012136061369639,26.3970170520989
DRSPLTY_91,Other Dr Specialty,DRSPLTY_9,General Surgery,A,0.006273288320569,29.0968222966189
DRSPLTY_91,Other Dr Specialty,DRSPLTY_11,OB/GYN,A,0.036774786950593,47.2934311162179
DRSPLTY_91,Other Dr Specialty,DRSPLTY_15,Nephrology,A,0.000667724277248,41.9357612137705
DRSPLTY_91,Other Dr Specialty,DRSPLTY_20,Orthopedics,A,0.018226881391325,39.5272031177642
DRSPLTY_91,Other Dr Specialty,DRSPLTY_28,Psychiatry,A,0.015508363734705,33.3779739478103
DRSPLTY_91,Other Dr Specialty,DRSPLTY_16,Neurology,A,0.009539739888621,28.9973798445412
DRSPLTY_91,Other Dr Specialty,DRSPLTY_18,Oncology,A,0.006122393992547,16.2788644680362
DRSPLTY_91,Other Dr Specialty,DRSPLTY_4,Dermatology,A,0.012815198007046,54.0395680151517
DRSPLTY_91,Other Dr Specialty,DRSPLTY_22,Otorhinolaryngology,A,0.007488007585205,29.689244017791
DRSPLTY_33,Urology,HOME,Home,A,0.145982359674309,137.16278817064
DRSPLTY_33,Urology,DRSPLTY_PCP,Primary Care,A,0.236963477088328,55.7613772370975
DRSPLTY_33,Urology,DRSPLTY_19,Ophthalmology,A,0.038633869825803,75.1212371056931
DRSPLTY_33,Urology,DRSPLTY_1,Immunology,A,0.003036736319587,55.6164793768226
DRSPLTY_33,Urology,DRSPLTY_3,Cardiology,A,0.005204082083221,20.9132765363092
DRSPLTY_33,Urology,DRSPLTY_91,Other Dr Specialty,A,0.068227677659038,28.367509046044
DRSPLTY_33,Urology,DRSPLTY_33,Urology,A,0.347034043640137,28.6236467242814
DRSPLTY_33,Urology,DRSPLTY_7,Gastroenterology,A,0.014910417729884,58.1723423320719
DRSPLTY_33,Urology,DRSPLTY_9,General Surgery,A,0.006767782796859,6.90577101815446
DRSPLTY_33,Urology,DRSPLTY_11,OB/GYN,A,0.024098340362071,40.4971159072908
DRSPLTY_33,Urology,DRSPLTY_15,Nephrology,A,0.003463865400738,70.440643854293
DRSPLTY_33,Urology,DRSPLTY_20,Orthopedics,A,0.019049184824942,43.3344026130246
DRSPLTY_33,Urology,DRSPLTY_28,Psychiatry,A,0.017591520800827,26.1174441723054
DRSPLTY_33,Urology,DRSPLTY_16,Neurology,A,0.011773718082761,27.9450455591376
DRSPLTY_33,Urology,DRSPLTY_18,Oncology,A,0.009304572324616,55.7753098792246
DRSPLTY_33,Urology,DRSPLTY_4,Dermatology,A,0.037289225622746,34.9735752102454
DRSPLTY_33,Urology,DRSPLTY_22,Otorhinolaryngology,A,0.010669125764134,46.4727900863336
DRSPLTY_7,Gastroenterology,HOME,Home,A,0.13350650198415,141.049949324182
DRSPLTY_7,Gastroenterology,DRSPLTY_PCP,Primary Care,A,0.24508886490659,66.2279995881478
DRSPLTY_7,Gastroenterology,DRSPLTY_19,Ophthalmology,A,0.028117752422324,61.5469488652852
DRSPLTY_7,Gastroenterology,DRSPLTY_1,Immunology,A,0.005905357700555,30.5399823111832
DRSPLTY_7,Gastroenterology,DRSPLTY_3,Cardiology,A,0.006873732973749,21.8717162781686
DRSPLTY_7,Gastroenterology,DRSPLTY_91,Other Dr Specialty,A,0.096049003354722,33.7249398780675
DRSPLTY_7,Gastroenterology,DRSPLTY_33,Urology,A,0.005548508564259,48.0343498693696
DRSPLTY_7,Gastroenterology,DRSPLTY_7,Gastroenterology,A,0.31541430014838,23.6861727576188
DRSPLTY_7,Gastroenterology,DRSPLTY_9,General Surgery,A,0.018525151245942,26.4464405234428
DRSPLTY_7,Gastroenterology,DRSPLTY_11,OB/GYN,A,0.055453101224814,60.3520449340385
DRSPLTY_7,Gastroenterology,DRSPLTY_15,Nephrology,A,0.000509257013519,117.088880020165
DRSPLTY_7,Gastroenterology,DRSPLTY_20,Orthopedics,A,0.024823413526317,56.1843087291012
DRSPLTY_7,Gastroenterology,DRSPLTY_28,Psychiatry,A,0.013305058269647,25.1761981948514
DRSPLTY_7,Gastroenterology,DRSPLTY_16,Neurology,A,0.007741192879325,36.9963895539932
DRSPLTY_7,Gastroenterology,DRSPLTY_18,Oncology,A,0.003306841380143,114.354641766349
DRSPLTY_7,Gastroenterology,DRSPLTY_4,Dermatology,A,0.031859222069349,54.2819363282728
DRSPLTY_7,Gastroenterology,DRSPLTY_22,Otorhinolaryngology,A,0.007972740336214,41.953201615683
DRSPLTY_9,General Surgery,HOME,Home,A,0.174400673217182,165.515874542527
DRSPLTY_9,General Surgery,DRSPLTY_PCP,Primary Care,A,0.216233601261384,63.4892190327993
DRSPLTY_9,General Surgery,DRSPLTY_19,Ophthalmology,A,0.026128455314196,69.1895635851217
DRSPLTY_9,General Surgery,DRSPLTY_1,Immunology,A,0.000916168008035,7
DRSPLTY_9,General Surgery,DRSPLTY_3,Cardiology,A,0.003810178699518,44.4107075898094
DRSPLTY_9,General Surgery,DRSPLTY_91,Other Dr Specialty,A,0.072378040391593,34.3481437310847
DRSPLTY_9,General Surgery,DRSPLTY_33,Urology,A,0.006539122822034,27.7142530145721
DRSPLTY_9,General Surgery,DRSPLTY_7,Gastroenterology,A,0.026465050489192,29.7322971168733
DRSPLTY_9,General Surgery,DRSPLTY_9,General Surgery,A,0.349400033859593,15.0551194799156
DRSPLTY_9,General Surgery,DRSPLTY_11,OB/GYN,A,0.047173088116059,64.741297455875
DRSPLTY_9,General Surgery,DRSPLTY_15,Nephrology,A,0.001203260658106,111.52228178652
DRSPLTY_9,General Surgery,DRSPLTY_20,Orthopedics,A,0.023818094344605,54.631896841613
DRSPLTY_9,General Surgery,DRSPLTY_28,Psychiatry,A,0.010467729878192,32.9381807090103
DRSPLTY_9,General Surgery,DRSPLTY_16,Neurology,A,0.006304509605728,57.966549561929
DRSPLTY_9,General Surgery,DRSPLTY_18,Oncology,A,0.018657804120263,23.5574255564442
DRSPLTY_9,General Surgery,DRSPLTY_4,Dermatology,A,0.010532591445822,21.6445402737596
DRSPLTY_9,General Surgery,DRSPLTY_22,Otorhinolaryngology,A,0.0055715977685,89.7889150474327
DRSPLTY_11,OB/GYN,HOME,Home,A,0.13739200430473,151.428495748472
DRSPLTY_11,OB/GYN,DRSPLTY_PCP,Primary Care,A,0.126519279792533,77.465763161716
DRSPLTY_11,OB/GYN,DRSPLTY_19,Ophthalmology,A,0.020358097403396,63.7792408612847
DRSPLTY_11,OB/GYN,DRSPLTY_1,Immunology,A,0.003043758656201,56.9549029960924
DRSPLTY_11,OB/GYN,DRSPLTY_3,Cardiology,A,0.002237498334186,52.2484544262896
DRSPLTY_11,OB/GYN,DRSPLTY_91,Other Dr Specialty,A,0.048674069078508,45.5948431017107
DRSPLTY_11,OB/GYN,DRSPLTY_33,Urology,A,0.002028098021088,46.1370820249498
DRSPLTY_11,OB/GYN,DRSPLTY_7,Gastroenterology,A,0.006668131160321,46.0936555592994
DRSPLTY_11,OB/GYN,DRSPLTY_9,General Surgery,A,0.004081052867415,48.9512718795697
DRSPLTY_11,OB/GYN,DRSPLTY_11,OB/GYN,A,0.604755228464955,27.9039560997555
DRSPLTY_11,OB/GYN,DRSPLTY_15,Nephrology,A,0.000386254001715,23.0162816123314
DRSPLTY_11,OB/GYN,DRSPLTY_20,Orthopedics,A,0.008860753609357,58.5961478120163
DRSPLTY_11,OB/GYN,DRSPLTY_28,Psychiatry,A,0.006539561078401,38.8882696646981
DRSPLTY_11,OB/GYN,DRSPLTY_16,Neurology,A,0.004472405545168,39.7486326310991
DRSPLTY_11,OB/GYN,DRSPLTY_18,Oncology,A,0.003480441870883,33.2768103072124
DRSPLTY_11,OB/GYN,DRSPLTY_4,Dermatology,A,0.016068775923707,52.1898108974077
DRSPLTY_11,OB/GYN,DRSPLTY_22,Otorhinolaryngology,A,0.004434589887436,39.0422452462713
DRSPLTY_15,Nephrology,HOME,Home,A,0.120160311351364,118.006539060129
DRSPLTY_15,Nephrology,DRSPLTY_PCP,Primary Care,A,0.171027987957792,37.2888008618637
DRSPLTY_15,Nephrology,DRSPLTY_19,Ophthalmology,A,0.012441800823498,50.8525797077338
DRSPLTY_15,Nephrology,DRSPLTY_1,Immunology,A,0.003023880061784,91
DRSPLTY_15,Nephrology,DRSPLTY_3,Cardiology,A,0.015290023738616,15.0278585857503
DRSPLTY_15,Nephrology,DRSPLTY_91,Other Dr Specialty,A,0.074172973821737,36.9021454536575
DRSPLTY_15,Nephrology,DRSPLTY_33,Urology,A,0.022557123742621,37.7104044647723
DRSPLTY_15,Nephrology,DRSPLTY_7,Gastroenterology,A,0.00673692698048,5.74440326635087
DRSPLTY_15,Nephrology,DRSPLTY_9,General Surgery,A,0.012132981803782,60.7941476331997
DRSPLTY_15,Nephrology,DRSPLTY_11,OB/GYN,A,0.026373189221175,25.2684311101818
DRSPLTY_15,Nephrology,DRSPLTY_15,Nephrology,A,0.452403762281209,20.2730758944901
DRSPLTY_15,Nephrology,DRSPLTY_20,Orthopedics,A,0.01457422611703,17.8391712594839
DRSPLTY_15,Nephrology,DRSPLTY_28,Psychiatry,A,0.026643319225325,64.3800789380646
DRSPLTY_15,Nephrology,DRSPLTY_16,Neurology,A,0.014730345147142,92.8800728492756
DRSPLTY_15,Nephrology,DRSPLTY_18,Oncology,A,0,NA
DRSPLTY_15,Nephrology,DRSPLTY_4,Dermatology,A,0.015086700628203,47.7742135131039
DRSPLTY_15,Nephrology,DRSPLTY_22,Otorhinolaryngology,A,0.012644447098242,9.2366929239326
DRSPLTY_20,Orthopedics,HOME,Home,A,0.135300539581497,161.620125291919
DRSPLTY_20,Orthopedics,DRSPLTY_PCP,Primary Care,A,0.175977325637773,71.611479314405
DRSPLTY_20,Orthopedics,DRSPLTY_19,Ophthalmology,A,0.021602731865179,52.0609230795546
DRSPLTY_20,Orthopedics,DRSPLTY_1,Immunology,A,0.00313607082398,29.563547686712
DRSPLTY_20,Orthopedics,DRSPLTY_3,Cardiology,A,0.002539837534105,30.1065822816171
DRSPLTY_20,Orthopedics,DRSPLTY_91,Other Dr Specialty,A,0.056507117723442,41.1471035996441
DRSPLTY_20,Orthopedics,DRSPLTY_33,Urology,A,0.003723978222582,65.7002195514036
DRSPLTY_20,Orthopedics,DRSPLTY_7,Gastroenterology,A,0.009750016726881,33.6573702538448
DRSPLTY_20,Orthopedics,DRSPLTY_9,General Surgery,A,0.005229725040507,38.4464116130921
DRSPLTY_20,Orthopedics,DRSPLTY_11,OB/GYN,A,0.022448074908713,74.4369520854651
DRSPLTY_20,Orthopedics,DRSPLTY_15,Nephrology,A,0.000672262678603,9.41470903146779
DRSPLTY_20,Orthopedics,DRSPLTY_20,Orthopedics,A,0.520610119066917,19.2265194023295
DRSPLTY_20,Orthopedics,DRSPLTY_28,Psychiatry,A,0.010788346003868,54.6590368425596
DRSPLTY_20,Orthopedics,DRSPLTY_16,Neurology,A,0.009377351567109,26.2845293773555
DRSPLTY_20,Orthopedics,DRSPLTY_18,Oncology,A,0.000857346258492,42.037286666116
DRSPLTY_20,Orthopedics,DRSPLTY_4,Dermatology,A,0.014573104991421,80.4802302932601
DRSPLTY_20,Orthopedics,DRSPLTY_22,Otorhinolaryngology,A,0.006906051368931,69.2518606509139
DRSPLTY_28,Psychiatry,HOME,Home,A,0.082915275098527,124.226727293053
DRSPLTY_28,Psychiatry,DRSPLTY_PCP,Primary Care,A,0.121606148877413,46.2456048073512
DRSPLTY_28,Psychiatry,DRSPLTY_19,Ophthalmology,A,0.01211984387838,25.4181438826522
DRSPLTY_28,Psychiatry,DRSPLTY_1,Immunology,A,0.003440123018024,16.2984269468764
DRSPLTY_28,Psychiatry,DRSPLTY_3,Cardiology,A,0.001888166288854,19.5575774271049
DRSPLTY_28,Psychiatry,DRSPLTY_91,Other Dr Specialty,A,0.041149854769313,29.7131778244083
DRSPLTY_28,Psychiatry,DRSPLTY_33,Urology,A,0.003461376795304,20.8919057403625
DRSPLTY_28,Psychiatry,DRSPLTY_7,Gastroenterology,A,0.005496101347625,37.9471142684414
DRSPLTY_28,Psychiatry,DRSPLTY_9,General Surgery,A,0.000847798664688,26.6529144809029
DRSPLTY_28,Psychiatry,DRSPLTY_11,OB/GYN,A,0.012277552275271,48.1555686494353
DRSPLTY_28,Psychiatry,DRSPLTY_15,Nephrology,A,0.000423286789892,40.5251814801368
DRSPLTY_28,Psychiatry,DRSPLTY_20,Orthopedics,A,0.007531318237902,18.0099552831437
DRSPLTY_28,Psychiatry,DRSPLTY_28,Psychiatry,A,0.691489915089391,20.4665595765034
DRSPLTY_28,Psychiatry,DRSPLTY_16,Neurology,A,0.006019511187679,17.7906472675369
DRSPLTY_28,Psychiatry,DRSPLTY_18,Oncology,A,0.001237713469974,20.2698694276897
DRSPLTY_28,Psychiatry,DRSPLTY_4,Dermatology,A,0.003795893604617,26.4204392253266
DRSPLTY_28,Psychiatry,DRSPLTY_22,Otorhinolaryngology,A,0.004300120607147,21.8782631274779
DRSPLTY_16,Neurology,HOME,Home,A,0.119957731238129,133.997624466816
DRSPLTY_16,Neurology,DRSPLTY_PCP,Primary Care,A,0.220720688901268,50.0623114800459
DRSPLTY_16,Neurology,DRSPLTY_19,Ophthalmology,A,0.034960703506426,51.9830192862872
DRSPLTY_16,Neurology,DRSPLTY_1,Immunology,A,0.011479655777203,7.9043402380841
DRSPLTY_16,Neurology,DRSPLTY_3,Cardiology,A,0.0072749782687,10.8297171516507
DRSPLTY_16,Neurology,DRSPLTY_91,Other Dr Specialty,A,0.096404219440589,36.9105024707872
DRSPLTY_16,Neurology,DRSPLTY_33,Urology,A,0.010165287515777,43.6084655503873
DRSPLTY_16,Neurology,DRSPLTY_7,Gastroenterology,A,0.009284796323357,30.3031773934948
DRSPLTY_16,Neurology,DRSPLTY_9,General Surgery,A,0.003511560260609,8.72606914003346
DRSPLTY_16,Neurology,DRSPLTY_11,OB/GYN,A,0.036642107422061,61.1750232435738
DRSPLTY_16,Neurology,DRSPLTY_15,Nephrology,A,0.003497745871811,25.9656547854155
DRSPLTY_16,Neurology,DRSPLTY_20,Orthopedics,A,0.027574896185207,45.1786785701355
DRSPLTY_16,Neurology,DRSPLTY_28,Psychiatry,A,0.032562471580527,29.0371235192881
DRSPLTY_16,Neurology,DRSPLTY_16,Neurology,A,0.362195987233182,34.2585228521492
DRSPLTY_16,Neurology,DRSPLTY_18,Oncology,A,0.005465442651215,20.426610961509
DRSPLTY_16,Neurology,DRSPLTY_4,Dermatology,A,0.010933962635326,42.2978457167052
DRSPLTY_16,Neurology,DRSPLTY_22,Otorhinolaryngology,A,0.007367765188612,46.4289452085185
DRSPLTY_18,Oncology,HOME,Home,A,0.086011388130157,113.562648512442
DRSPLTY_18,Oncology,DRSPLTY_PCP,Primary Care,A,0.070994958630948,43.6052860536067
DRSPLTY_18,Oncology,DRSPLTY_19,Ophthalmology,A,0.018476146654948,29.314527203459
DRSPLTY_18,Oncology,DRSPLTY_1,Immunology,A,0.000419492883835,26
DRSPLTY_18,Oncology,DRSPLTY_3,Cardiology,A,0.003458141224286,15.9020868830171
DRSPLTY_18,Oncology,DRSPLTY_91,Other Dr Specialty,A,0.084678947932833,16.2494165075049
DRSPLTY_18,Oncology,DRSPLTY_33,Urology,A,0.008263299105078,13.3481145217447
DRSPLTY_18,Oncology,DRSPLTY_7,Gastroenterology,A,0.005840427294349,40.7317718845177
DRSPLTY_18,Oncology,DRSPLTY_9,General Surgery,A,0.012195348552228,18.6662913230733
DRSPLTY_18,Oncology,DRSPLTY_11,OB/GYN,A,0.026614875526221,48.3492953292495
DRSPLTY_18,Oncology,DRSPLTY_15,Nephrology,A,0,NA
DRSPLTY_18,Oncology,DRSPLTY_20,Orthopedics,A,0.003813647981595,10.9635246694491
DRSPLTY_18,Oncology,DRSPLTY_28,Psychiatry,A,0.00754104137813,28.11648180442
DRSPLTY_18,Oncology,DRSPLTY_16,Neurology,A,0.007487960365607,18.568371473001
DRSPLTY_18,Oncology,DRSPLTY_18,Oncology,A,0.632205059649178,15.5842832078662
DRSPLTY_18,Oncology,DRSPLTY_4,Dermatology,A,0.024527174581798,41.2393254103539
DRSPLTY_18,Oncology,DRSPLTY_22,Otorhinolaryngology,A,0.007472090108811,21.8434211782191
DRSPLTY_4,Dermatology,HOME,Home,A,0.177839398397132,130.46193476279
DRSPLTY_4,Dermatology,DRSPLTY_PCP,Primary Care,A,0.246374462029704,71.5839538842395
DRSPLTY_4,Dermatology,DRSPLTY_19,Ophthalmology,A,0.043338843900844,58.8533412736655
DRSPLTY_4,Dermatology,DRSPLTY_1,Immunology,A,0.008441253871751,33.679892250694
DRSPLTY_4,Dermatology,DRSPLTY_3,Cardiology,A,0.005283782514381,29.8966044137501
DRSPLTY_4,Dermatology,DRSPLTY_91,Other Dr Specialty,A,0.050180413687971,46.5617498583676
DRSPLTY_4,Dermatology,DRSPLTY_33,Urology,A,0.011858327560639,49.354462045718
DRSPLTY_4,Dermatology,DRSPLTY_7,Gastroenterology,A,0.010990940655142,45.9072353805436
DRSPLTY_4,Dermatology,DRSPLTY_9,General Surgery,A,0.005692924479029,29.3561625145986
DRSPLTY_4,Dermatology,DRSPLTY_11,OB/GYN,A,0.071453501251364,55.5244691715095
DRSPLTY_4,Dermatology,DRSPLTY_15,Nephrology,A,0.000824560425168,42.3192022319014
DRSPLTY_4,Dermatology,DRSPLTY_20,Orthopedics,A,0.0218277161995,69.1682512067347
DRSPLTY_4,Dermatology,DRSPLTY_28,Psychiatry,A,0.008350986167171,43.9502210332854
DRSPLTY_4,Dermatology,DRSPLTY_16,Neurology,A,0.00559952451777,77.6549625804951
DRSPLTY_4,Dermatology,DRSPLTY_18,Oncology,A,0.007744966957029,34.6053028597587
DRSPLTY_4,Dermatology,DRSPLTY_4,Dermatology,A,0.313213036884936,37.9685030652406
DRSPLTY_4,Dermatology,DRSPLTY_22,Otorhinolaryngology,A,0.01098536050047,26.8501199236496
DRSPLTY_22,Otorhinolaryngology,HOME,Home,A,0.127832748878257,151.927110423531
DRSPLTY_22,Otorhinolaryngology,DRSPLTY_PCP,Primary Care,A,0.280041670618695,57.2676229165906
DRSPLTY_22,Otorhinolaryngology,DRSPLTY_19,Ophthalmology,A,0.030902996177174,50.0471319321631
DRSPLTY_22,Otorhinolaryngology,DRSPLTY_1,Immunology,A,0.013741485828617,26.9456738493774
DRSPLTY_22,Otorhinolaryngology,DRSPLTY_3,Cardiology,A,0.005234070782663,12.0527241606912
DRSPLTY_22,Otorhinolaryngology,DRSPLTY_91,Other Dr Specialty,A,0.048983504823205,42.7900658607247
DRSPLTY_22,Otorhinolaryngology,DRSPLTY_33,Urology,A,0.003980804506871,54.27277114977
DRSPLTY_22,Otorhinolaryngology,DRSPLTY_7,Gastroenterology,A,0.004060073825896,32.3821221799644
DRSPLTY_22,Otorhinolaryngology,DRSPLTY_9,General Surgery,A,0.005561484291967,86.3848708766042
DRSPLTY_22,Otorhinolaryngology,DRSPLTY_11,OB/GYN,A,0.021265540892198,59.8062137752937
DRSPLTY_22,Otorhinolaryngology,DRSPLTY_15,Nephrology,A,0.000153307286985,3
DRSPLTY_22,Otorhinolaryngology,DRSPLTY_20,Orthopedics,A,0.014605222367334,61.8160843188362
DRSPLTY_22,Otorhinolaryngology,DRSPLTY_28,Psychiatry,A,0.010962839799989,37.0095765469518
DRSPLTY_22,Otorhinolaryngology,DRSPLTY_16,Neurology,A,0.007392372958988,33.1113131611151
DRSPLTY_22,Otorhinolaryngology,DRSPLTY_18,Oncology,A,0.005130727272227,28.8298170151355
DRSPLTY_22,Otorhinolaryngology,DRSPLTY_4,Dermatology,A,0.023371837175935,41.529890003453
DRSPLTY_22,Otorhinolaryngology,DRSPLTY_22,Otorhinolaryngology,A,0.396779312513,20.4420501326927
HOME,Home,HOME,Home,B,0.071332659224556,510.847284403957
HOME,Home,DRSPLTY_PCP,Primary Care,B,0.545196659708272,100.840907880036
HOME,Home,DRSPLTY_19,Ophthalmology,B,0.055679305529551,89.0689387449057
HOME,Home,DRSPLTY_1,Immunology,B,0.005602088591117,46.9285641585453
HOME,Home,DRSPLTY_3,Cardiology,B,0.023519592644612,92.7081998552154
HOME,Home,DRSPLTY_91,Other Dr Specialty,B,0.109454678595386,83.6510550808486
HOME,Home,DRSPLTY_33,Urology,B,0.012722974633447,92.7574451748723
HOME,Home,DRSPLTY_7,Gastroenterology,B,0.01222649845313,69.6021204249391
HOME,Home,DRSPLTY_9,General Surgery,B,0.008326710219303,76.2936062903667
HOME,Home,DRSPLTY_11,OB/GYN,B,0.034521170549261,94.6161322216817
HOME,Home,DRSPLTY_15,Nephrology,B,0.003815013347169,69.3119450217609
HOME,Home,DRSPLTY_20,Orthopedics,B,0.036692829447486,75.8410919812578
HOME,Home,DRSPLTY_28,Psychiatry,B,0.024362052414207,60.1253131647209
HOME,Home,DRSPLTY_16,Neurology,B,0.01230026862946,67.8495318457392
HOME,Home,DRSPLTY_18,Oncology,B,0.011691077206649,58.8273555854053
HOME,Home,DRSPLTY_4,Dermatology,B,0.024807177192534,90.8270244232016
HOME,Home,DRSPLTY_22,Otorhinolaryngology,B,0.00774924361386,79.846139777136
DRSPLTY_PCP,Primary Care,HOME,Home,B,0.129875545476993,114.306217383215
DRSPLTY_PCP,Primary Care,DRSPLTY_PCP,Primary Care,B,0.516920159158562,53.0609668493366
DRSPLTY_PCP,Primary Care,DRSPLTY_19,Ophthalmology,B,0.054045296680943,45.4460626973093
DRSPLTY_PCP,Primary Care,DRSPLTY_1,Immunology,B,0.004706472926134,34.1022797111953
DRSPLTY_PCP,Primary Care,DRSPLTY_3,Cardiology,B,0.017415914925483,35.5391606792797
DRSPLTY_PCP,Primary Care,DRSPLTY_91,Other Dr Specialty,B,0.090383191414173,33.7892202872903
DRSPLTY_PCP,Primary Care,DRSPLTY_33,Urology,B,0.013212190503882,32.0019636174838
DRSPLTY_PCP,Primary Care,DRSPLTY_7,Gastroenterology,B,0.018579363166779,34.3654499273449
DRSPLTY_PCP,Primary Care,DRSPLTY_9,General Surgery,B,0.008660032500214,33.7442829820766
DRSPLTY_PCP,Primary Care,DRSPLTY_11,OB/GYN,B,0.023240907108356,48.2356555692535
DRSPLTY_PCP,Primary Care,DRSPLTY_15,Nephrology,B,0.003509196838469,27.861975957634
DRSPLTY_PCP,Primary Care,DRSPLTY_20,Orthopedics,B,0.034823727058307,32.0541814152758
DRSPLTY_PCP,Primary Care,DRSPLTY_28,Psychiatry,B,0.024340783858838,23.6856638534094
DRSPLTY_PCP,Primary Care,DRSPLTY_16,Neurology,B,0.015250935646956,29.9273249142781
DRSPLTY_PCP,Primary Care,DRSPLTY_18,Oncology,B,0.010635269665894,31.7119973882089
DRSPLTY_PCP,Primary Care,DRSPLTY_4,Dermatology,B,0.023814017659335,41.3399695379915
DRSPLTY_PCP,Primary Care,DRSPLTY_22,Otorhinolaryngology,B,0.010586995410684,28.6062323515947
DRSPLTY_19,Ophthalmology,HOME,Home,B,0.087074256454711,82.6756690948696
DRSPLTY_19,Ophthalmology,DRSPLTY_PCP,Primary Care,B,0.325671491334356,47.8844524061922
DRSPLTY_19,Ophthalmology,DRSPLTY_19,Ophthalmology,B,0.301387003980573,22.385981991405
DRSPLTY_19,Ophthalmology,DRSPLTY_1,Immunology,B,0.0040878872101,27.5394946706231
DRSPLTY_19,Ophthalmology,DRSPLTY_3,Cardiology,B,0.017536367321531,31.8659329898837
DRSPLTY_19,Ophthalmology,DRSPLTY_91,Other Dr Specialty,B,0.095609777117211,28.5995375405398
DRSPLTY_19,Ophthalmology,DRSPLTY_33,Urology,B,0.016879895768775,32.7896410492306
DRSPLTY_19,Ophthalmology,DRSPLTY_7,Gastroenterology,B,0.015612768581825,36.3308250343644
DRSPLTY_19,Ophthalmology,DRSPLTY_9,General Surgery,B,0.005274369951207,36.233949080253
DRSPLTY_19,Ophthalmology,DRSPLTY_11,OB/GYN,B,0.021676214572317,41.5912159428789
DRSPLTY_19,Ophthalmology,DRSPLTY_15,Nephrology,B,0.004407109000547,28.1081786391707
DRSPLTY_19,Ophthalmology,DRSPLTY_20,Orthopedics,B,0.028303041525707,33.7024832307735
DRSPLTY_19,Ophthalmology,DRSPLTY_28,Psychiatry,B,0.009538523643762,20.6498649851591
DRSPLTY_19,Ophthalmology,DRSPLTY_16,Neurology,B,0.009738711576305,29.664966154091
DRSPLTY_19,Ophthalmology,DRSPLTY_18,Oncology,B,0.008472445237423,26.9135874248532
DRSPLTY_19,Ophthalmology,DRSPLTY_4,Dermatology,B,0.037201671873257,26.0267519656766
DRSPLTY_19,Ophthalmology,DRSPLTY_22,Otorhinolaryngology,B,0.011528464850393,27.5025139319071
DRSPLTY_1,Immunology,HOME,Home,B,0.04000444889215,66.7742397583703
DRSPLTY_1,Immunology,DRSPLTY_PCP,Primary Care,B,0.155393569354003,33.4237031835149
DRSPLTY_1,Immunology,DRSPLTY_19,Ophthalmology,B,0.02661042245615,21.8172460703393
DRSPLTY_1,Immunology,DRSPLTY_1,Immunology,B,0.585345846809679,14.5209501549528
DRSPLTY_1,Immunology,DRSPLTY_3,Cardiology,B,0.005662456225035,13.9206712320095
DRSPLTY_1,Immunology,DRSPLTY_91,Other Dr Specialty,B,0.070395659170822,16.5415692605323
DRSPLTY_1,Immunology,DRSPLTY_33,Urology,B,0.004405270682838,12.4170743541296
DRSPLTY_1,Immunology,DRSPLTY_7,Gastroenterology,B,0.007524084435846,19.7729077558459
DRSPLTY_1,Immunology,DRSPLTY_9,General Surgery,B,0.005370312614604,25.9838344134603
DRSPLTY_1,Immunology,DRSPLTY_11,OB/GYN,B,0.009725448901854,9.49061071871032
DRSPLTY_1,Immunology,DRSPLTY_15,Nephrology,B,0.001605118179954,16.8758629103133
DRSPLTY_1,Immunology,DRSPLTY_20,Orthopedics,B,0.013829753947963,37.8701960783248
DRSPLTY_1,Immunology,DRSPLTY_28,Psychiatry,B,0.025848698644055,20.3484853368025
DRSPLTY_1,Immunology,DRSPLTY_16,Neurology,B,0.0047243120108,39.8704793756773
DRSPLTY_1,Immunology,DRSPLTY_18,Oncology,B,0.002487449574148,3.75492385869611
DRSPLTY_1,Immunology,DRSPLTY_4,Dermatology,B,0.031648490255161,28.7473285728394
DRSPLTY_1,Immunology,DRSPLTY_22,Otorhinolaryngology,B,0.009418657844939,21.9181635795317
DRSPLTY_3,Cardiology,HOME,Home,B,0.088593673226707,96.3401121180243
DRSPLTY_3,Cardiology,DRSPLTY_PCP,Primary Care,B,0.244545297388047,45.0733774563858
DRSPLTY_3,Cardiology,DRSPLTY_19,Ophthalmology,B,0.046514720725382,34.6624652989203
DRSPLTY_3,Cardiology,DRSPLTY_1,Immunology,B,0.002111613786913,21.2940937232823
DRSPLTY_3,Cardiology,DRSPLTY_3,Cardiology,B,0.350966539031086,33.3627959786953
DRSPLTY_3,Cardiology,DRSPLTY_91,Other Dr Specialty,B,0.105601572051935,29.6849714446638
DRSPLTY_3,Cardiology,DRSPLTY_33,Urology,B,0.016774451769822,33.4805451776348
DRSPLTY_3,Cardiology,DRSPLTY_7,Gastroenterology,B,0.010796132452413,33.7723518380664
DRSPLTY_3,Cardiology,DRSPLTY_9,General Surgery,B,0.004899475123523,14.4596049917167
DRSPLTY_3,Cardiology,DRSPLTY_11,OB/GYN,B,0.019431868644764,45.8986944312706
DRSPLTY_3,Cardiology,DRSPLTY_15,Nephrology,B,0.006382094410718,35.6379444404923
DRSPLTY_3,Cardiology,DRSPLTY_20,Orthopedics,B,0.032039798010041,39.7333420068795
DRSPLTY_3,Cardiology,DRSPLTY_28,Psychiatry,B,0.011046005529198,14.3686932975461
DRSPLTY_3,Cardiology,DRSPLTY_16,Neurology,B,0.016484404395922,31.7974278478067
DRSPLTY_3,Cardiology,DRSPLTY_18,Oncology,B,0.005487558027688,17.5835218783024
DRSPLTY_3,Cardiology,DRSPLTY_4,Dermatology,B,0.027697658763616,31.1349259409128
DRSPLTY_3,Cardiology,DRSPLTY_22,Otorhinolaryngology,B,0.010627136662226,24.0433323495311
DRSPLTY_91,Other Dr Specialty,HOME,Home,B,0.060324067016374,97.6871750161781
DRSPLTY_91,Other Dr Specialty,DRSPLTY_PCP,Primary Care,B,0.195476131235353,43.1583498735167
DRSPLTY_91,Other Dr Specialty,DRSPLTY_19,Ophthalmology,B,0.037142216165579,31.8827677461799
DRSPLTY_91,Other Dr Specialty,DRSPLTY_1,Immunology,B,0.005570191603797,15.9261355645749
DRSPLTY_91,Other Dr Specialty,DRSPLTY_3,Cardiology,B,0.013845629739794,22.0355370606838
DRSPLTY_91,Other Dr Specialty,DRSPLTY_91,Other Dr Specialty,B,0.517319093982486,16.9023310245728
DRSPLTY_91,Other Dr Specialty,DRSPLTY_33,Urology,B,0.009928386558465,19.1522761854582
DRSPLTY_91,Other Dr Specialty,DRSPLTY_7,Gastroenterology,B,0.011804531448717,20.6976296229822
DRSPLTY_91,Other Dr Specialty,DRSPLTY_9,General Surgery,B,0.009344274768113,25.6106687836463
DRSPLTY_91,Other Dr Specialty,DRSPLTY_11,OB/GYN,B,0.019219779547143,32.8437796110646
DRSPLTY_91,Other Dr Specialty,DRSPLTY_15,Nephrology,B,0.003263508177854,20.1017402717455
DRSPLTY_91,Other Dr Specialty,DRSPLTY_20,Orthopedics,B,0.037045821882909,24.2792167946379
DRSPLTY_91,Other Dr Specialty,DRSPLTY_28,Psychiatry,B,0.018774931070284,20.0648674925767
DRSPLTY_91,Other Dr Specialty,DRSPLTY_16,Neurology,B,0.015513580634443,21.5976024613458
DRSPLTY_91,Other Dr Specialty,DRSPLTY_18,Oncology,B,0.014855951116502,19.9532519575385
DRSPLTY_91,Other Dr Specialty,DRSPLTY_4,Dermatology,B,0.020072859461668,26.5359095170413
DRSPLTY_91,Other Dr Specialty,DRSPLTY_22,Otorhinolaryngology,B,0.010499045590519,19.3252220207367
DRSPLTY_33,Urology,HOME,Home,B,0.068922029732788,91.0682688799374
DRSPLTY_33,Urology,DRSPLTY_PCP,Primary Care,B,0.255359305817265,43.0655142486727
DRSPLTY_33,Urology,DRSPLTY_19,Ophthalmology,B,0.052331971827534,40.4129876520806
DRSPLTY_33,Urology,DRSPLTY_1,Immunology,B,0.003715738156698,2.29436066477489
DRSPLTY_33,Urology,DRSPLTY_3,Cardiology,B,0.026465756419086,33.6703903740545
DRSPLTY_33,Urology,DRSPLTY_91,Other Dr Specialty,B,0.092064793155535,26.4374952963227
DRSPLTY_33,Urology,DRSPLTY_33,Urology,B,0.331721861688357,17.8551041496902
DRSPLTY_33,Urology,DRSPLTY_7,Gastroenterology,B,0.019200077877393,24.4248419687308
DRSPLTY_33,Urology,DRSPLTY_9,General Surgery,B,0.006320633728761,34.5988327683245
DRSPLTY_33,Urology,DRSPLTY_11,OB/GYN,B,0.009716501368195,21.6395904479622
DRSPLTY_33,Urology,DRSPLTY_15,Nephrology,B,0.006864659183061,22.0603589617188
DRSPLTY_33,Urology,DRSPLTY_20,Orthopedics,B,0.031510194141488,29.6013972109256
DRSPLTY_33,Urology,DRSPLTY_28,Psychiatry,B,0.015996809230289,19.0431813104718
DRSPLTY_33,Urology,DRSPLTY_16,Neurology,B,0.013769068585497,23.0170436041129
DRSPLTY_33,Urology,DRSPLTY_18,Oncology,B,0.02145683842791,17.3438979665343
DRSPLTY_33,Urology,DRSPLTY_4,Dermatology,B,0.032759728682666,20.2260137684961
DRSPLTY_33,Urology,DRSPLTY_22,Otorhinolaryngology,B,0.011824031977477,23.4889795043179
DRSPLTY_7,Gastroenterology,HOME,Home,B,0.090562394950534,103.90592773125
DRSPLTY_7,Gastroenterology,DRSPLTY_PCP,Primary Care,B,0.304411347968162,45.5878716240451
DRSPLTY_7,Gastroenterology,DRSPLTY_19,Ophthalmology,B,0.051215116867026,46.2591434512143
DRSPLTY_7,Gastroenterology,DRSPLTY_1,Immunology,B,0.008483003351077,25.9343152042154
DRSPLTY_7,Gastroenterology,DRSPLTY_3,Cardiology,B,0.018374019012826,34.8393823089159
DRSPLTY_7,Gastroenterology,DRSPLTY_91,Other Dr Specialty,B,0.098983753453296,25.4569232810317
DRSPLTY_7,Gastroenterology,DRSPLTY_33,Urology,B,0.016780533467842,20.367818092939
DRSPLTY_7,Gastroenterology,DRSPLTY_7,Gastroenterology,B,0.230540420523812,15.1114862586032
DRSPLTY_7,Gastroenterology,DRSPLTY_9,General Surgery,B,0.011120373943454,26.4356617199642
DRSPLTY_7,Gastroenterology,DRSPLTY_11,OB/GYN,B,0.02321835924947,44.1520617078217
DRSPLTY_7,Gastroenterology,DRSPLTY_15,Nephrology,B,0.00126701078945,53.5990590764844
DRSPLTY_7,Gastroenterology,DRSPLTY_20,Orthopedics,B,0.041382103341346,24.3689675038931
DRSPLTY_7,Gastroenterology,DRSPLTY_28,Psychiatry,B,0.022535084047747,20.6008502305365
DRSPLTY_7,Gastroenterology,DRSPLTY_16,Neurology,B,0.011965355887994,34.3072755710162
DRSPLTY_7,Gastroenterology,DRSPLTY_18,Oncology,B,0.019847796360353,25.6392362652123
DRSPLTY_7,Gastroenterology,DRSPLTY_4,Dermatology,B,0.032292042541332,28.0355690971069
DRSPLTY_7,Gastroenterology,DRSPLTY_22,Otorhinolaryngology,B,0.01702128424428,21.9199307959793
DRSPLTY_9,General Surgery,HOME,Home,B,0.080737248881589,118.270529724911
DRSPLTY_9,General Surgery,DRSPLTY_PCP,Primary Care,B,0.23900266933499,45.52261691489
DRSPLTY_9,General Surgery,DRSPLTY_19,Ophthalmology,B,0.035328891672434,46.6568382594219
DRSPLTY_9,General Surgery,DRSPLTY_1,Immunology,B,0.002696708920947,12.460119522058
DRSPLTY_9,General Surgery,DRSPLTY_3,Cardiology,B,0.009281171315555,14.4076267356912
DRSPLTY_9,General Surgery,DRSPLTY_91,Other Dr Specialty,B,0.111295135920068,18.2420249574611
DRSPLTY_9,General Surgery,DRSPLTY_33,Urology,B,0.013089996079059,40.0123150516198
DRSPLTY_9,General Surgery,DRSPLTY_7,Gastroenterology,B,0.0229814280977,56.0771771933524
DRSPLTY_9,General Surgery,DRSPLTY_9,General Surgery,B,0.349511382162757,12.5927328211391
DRSPLTY_9,General Surgery,DRSPLTY_11,OB/GYN,B,0.017157956378527,38.8713359903572
DRSPLTY_9,General Surgery,DRSPLTY_15,Nephrology,B,0.004417346080586,3.92749728807698
DRSPLTY_9,General Surgery,DRSPLTY_20,Orthopedics,B,0.02446726073209,29.6329675138014
DRSPLTY_9,General Surgery,DRSPLTY_28,Psychiatry,B,0.014327231376185,62.9327806890722
DRSPLTY_9,General Surgery,DRSPLTY_16,Neurology,B,0.007277405080785,39.9668783242855
DRSPLTY_9,General Surgery,DRSPLTY_18,Oncology,B,0.039629112682282,13.7263886304986
DRSPLTY_9,General Surgery,DRSPLTY_4,Dermatology,B,0.019686796015743,80.6675277029206
DRSPLTY_9,General Surgery,DRSPLTY_22,Otorhinolaryngology,B,0.009112259268703,35.8485543628657
DRSPLTY_11,OB/GYN,HOME,Home,B,0.088856301495804,104.776925590038
DRSPLTY_11,OB/GYN,DRSPLTY_PCP,Primary Care,B,0.225207783437186,51.715103126102
DRSPLTY_11,OB/GYN,DRSPLTY_19,Ophthalmology,B,0.034961665896119,42.9607863602848
DRSPLTY_11,OB/GYN,DRSPLTY_1,Immunology,B,0.005285655043916,31.6036157468106
DRSPLTY_11,OB/GYN,DRSPLTY_3,Cardiology,B,0.008118094377328,33.7542704302811
DRSPLTY_11,OB/GYN,DRSPLTY_91,Other Dr Specialty,B,0.08936767454979,32.7916842364013
DRSPLTY_11,OB/GYN,DRSPLTY_33,Urology,B,0.002842469202276,38.2812539029614
DRSPLTY_11,OB/GYN,DRSPLTY_7,Gastroenterology,B,0.018317963447031,38.3493004394243
DRSPLTY_11,OB/GYN,DRSPLTY_9,General Surgery,B,0.009423378752241,28.9186328792451
DRSPLTY_11,OB/GYN,DRSPLTY_11,OB/GYN,B,0.424748375073971,22.1181344058285
DRSPLTY_11,OB/GYN,DRSPLTY_15,Nephrology,B,0.00232243756424,22.4114151372176
DRSPLTY_11,OB/GYN,DRSPLTY_20,Orthopedics,B,0.025377380688265,54.6487622394996
DRSPLTY_11,OB/GYN,DRSPLTY_28,Psychiatry,B,0.018238181331063,36.3339800408897
DRSPLTY_11,OB/GYN,DRSPLTY_16,Neurology,B,0.007127223522271,35.8753539618717
DRSPLTY_11,OB/GYN,DRSPLTY_18,Oncology,B,0.010542568946499,38.4378580179179
DRSPLTY_11,OB/GYN,DRSPLTY_4,Dermatology,B,0.022903016467001,44.6756402897081
DRSPLTY_11,OB/GYN,DRSPLTY_22,Otorhinolaryngology,B,0.006359830204999,23.727736773649
DRSPLTY_15,Nephrology,HOME,Home,B,0.045297219863063,55.5314907077538
DRSPLTY_15,Nephrology,DRSPLTY_PCP,Primary Care,B,0.098816199270588,24.9084082562932
DRSPLTY_15,Nephrology,DRSPLTY_19,Ophthalmology,B,0.014904515431911,28.379838344069
DRSPLTY_15,Nephrology,DRSPLTY_1,Immunology,B,0.000688613473836,1
DRSPLTY_15,Nephrology,DRSPLTY_3,Cardiology,B,0.015852189853227,13.9295817428533
DRSPLTY_15,Nephrology,DRSPLTY_91,Other Dr Specialty,B,0.047564003558049,17.6967751363146
DRSPLTY_15,Nephrology,DRSPLTY_33,Urology,B,0.009306613346001,26.499447187479
DRSPLTY_15,Nephrology,DRSPLTY_7,Gastroenterology,B,0.004230650510274,17.459204252753
DRSPLTY_15,Nephrology,DRSPLTY_9,General Surgery,B,0.003810808065462,5.33872775449348
DRSPLTY_15,Nephrology,DRSPLTY_11,OB/GYN,B,0.006930345413421,29.9254901493521
DRSPLTY_15,Nephrology,DRSPLTY_15,Nephrology,B,0.708604365512936,8.4980408817173
DRSPLTY_15,Nephrology,DRSPLTY_20,Orthopedics,B,0.011314857487842,12.7806530238424
DRSPLTY_15,Nephrology,DRSPLTY_28,Psychiatry,B,0.004232177239603,40.6972407112334
DRSPLTY_15,Nephrology,DRSPLTY_16,Neurology,B,0.009921839081986,34.1416552642232
DRSPLTY_15,Nephrology,DRSPLTY_18,Oncology,B,0.009036804779552,22.3760220631597
DRSPLTY_15,Nephrology,DRSPLTY_4,Dermatology,B,0.003931931684055,9.74425130453586
DRSPLTY_15,Nephrology,DRSPLTY_22,Otorhinolaryngology,B,0.005556865428194,16.5592466619754
DRSPLTY_20,Orthopedics,HOME,Home,B,0.068681868220005,101.995405861406
DRSPLTY_20,Orthopedics,DRSPLTY_PCP,Primary Care,B,0.208968421937243,42.4681048001172
DRSPLTY_20,Orthopedics,DRSPLTY_19,Ophthalmology,B,0.034489055691797,37.0813724292196
DRSPLTY_20,Orthopedics,DRSPLTY_1,Immunology,B,0.0025434836476,46.319501480523
DRSPLTY_20,Orthopedics,DRSPLTY_3,Cardiology,B,0.015222413837559,38.7031621422372
DRSPLTY_20,Orthopedics,DRSPLTY_91,Other Dr Specialty,B,0.100204161990708,23.2582501289915
DRSPLTY_20,Orthopedics,DRSPLTY_33,Urology,B,0.009128209714826,25.1063468157699
DRSPLTY_20,Orthopedics,DRSPLTY_7,Gastroenterology,B,0.013656061199349,23.4931173988525
DRSPLTY_20,Orthopedics,DRSPLTY_9,General Surgery,B,0.006321539509306,31.1799251758226
DRSPLTY_20,Orthopedics,DRSPLTY_11,OB/GYN,B,0.016995737755891,30.8529862370712
DRSPLTY_20,Orthopedics,DRSPLTY_15,Nephrology,B,0.002426253196265,48.9096209441207
DRSPLTY_20,Orthopedics,DRSPLTY_20,Orthopedics,B,0.449735807404312,17.8443585579969
DRSPLTY_20,Orthopedics,DRSPLTY_28,Psychiatry,B,0.022428027288001,16.8655400598611
DRSPLTY_20,Orthopedics,DRSPLTY_16,Neurology,B,0.016203651719472,21.6477639426543
DRSPLTY_20,Orthopedics,DRSPLTY_18,Oncology,B,0.006308888732245,39.4760252495706
DRSPLTY_20,Orthopedics,DRSPLTY_4,Dermatology,B,0.020916810196424,34.8435147764279
DRSPLTY_20,Orthopedics,DRSPLTY_22,Otorhinolaryngology,B,0.005769607958998,27.6164497075027
DRSPLTY_28,Psychiatry,HOME,Home,B,0.053800944995313,77.3181207191664
DRSPLTY_28,Psychiatry,DRSPLTY_PCP,Primary Care,B,0.184477292872567,27.4535411459082
DRSPLTY_28,Psychiatry,DRSPLTY_19,Ophthalmology,B,0.015985278253336,25.2434914305883
DRSPLTY_28,Psychiatry,DRSPLTY_1,Immunology,B,0.005571950679924,11.903207057653
DRSPLTY_28,Psychiatry,DRSPLTY_3,Cardiology,B,0.004519004064075,11.5899737608092
DRSPLTY_28,Psychiatry,DRSPLTY_91,Other Dr Specialty,B,0.067384302357732,17.2675571308542
DRSPLTY_28,Psychiatry,DRSPLTY_33,Urology,B,0.004711252928898,13.8370642901412
DRSPLTY_28,Psychiatry,DRSPLTY_7,Gastroenterology,B,0.00777738179374,19.9062765389958
DRSPLTY_28,Psychiatry,DRSPLTY_9,General Surgery,B,0.003651873985946,23.5063761673122
DRSPLTY_28,Psychiatry,DRSPLTY_11,OB/GYN,B,0.016162928566682,24.5351500394445
DRSPLTY_28,Psychiatry,DRSPLTY_15,Nephrology,B,0.001085476344378,21.9075904570655
DRSPLTY_28,Psychiatry,DRSPLTY_20,Orthopedics,B,0.025478263567162,16.3090564495498
DRSPLTY_28,Psychiatry,DRSPLTY_28,Psychiatry,B,0.586137990492304,20.2871973242468
DRSPLTY_28,Psychiatry,DRSPLTY_16,Neurology,B,0.009855653840059,15.567764769928
DRSPLTY_28,Psychiatry,DRSPLTY_18,Oncology,B,0.001523514545998,15.3434848174233
DRSPLTY_28,Psychiatry,DRSPLTY_4,Dermatology,B,0.008848848387854,26.2702404151235
DRSPLTY_28,Psychiatry,DRSPLTY_22,Otorhinolaryngology,B,0.003028042324033,27.947430111852
DRSPLTY_16,Neurology,HOME,Home,B,0.070329265528774,71.8508981727466
DRSPLTY_16,Neurology,DRSPLTY_PCP,Primary Care,B,0.256446566894549,35.3549398485905
DRSPLTY_16,Neurology,DRSPLTY_19,Ophthalmology,B,0.026807985640382,26.5739471039962
DRSPLTY_16,Neurology,DRSPLTY_1,Immunology,B,0.003173383378117,25.2819421972638
DRSPLTY_16,Neurology,DRSPLTY_3,Cardiology,B,0.028201216232511,21.680344388368
DRSPLTY_16,Neurology,DRSPLTY_91,Other Dr Specialty,B,0.125318417830669,16.5110398880559
DRSPLTY_16,Neurology,DRSPLTY_33,Urology,B,0.015011655800506,31.2515959885428
DRSPLTY_16,Neurology,DRSPLTY_7,Gastroenterology,B,0.011718460437107,16.7693018591901
DRSPLTY_16,Neurology,DRSPLTY_9,General Surgery,B,0.004851451749539,23.8153889443149
DRSPLTY_16,Neurology,DRSPLTY_11,OB/GYN,B,0.018189839552924,36.3124447186107
DRSPLTY_16,Neurology,DRSPLTY_15,Nephrology,B,0.003644147795498,50.6167247812402
DRSPLTY_16,Neurology,DRSPLTY_20,Orthopedics,B,0.041195038952893,18.8301789945662
DRSPLTY_16,Neurology,DRSPLTY_28,Psychiatry,B,0.023745828839162,19.1310709805649
DRSPLTY_16,Neurology,DRSPLTY_16,Neurology,B,0.328774868744499,25.7508260587301
DRSPLTY_16,Neurology,DRSPLTY_18,Oncology,B,0.014829189138601,15.2701070707685
DRSPLTY_16,Neurology,DRSPLTY_4,Dermatology,B,0.021135442886779,22.8697429654831
DRSPLTY_16,Neurology,DRSPLTY_22,Otorhinolaryngology,B,0.006627240597492,19.4290272375403
DRSPLTY_18,Oncology,HOME,Home,B,0.058139468293654,75.8235965849529
DRSPLTY_18,Oncology,DRSPLTY_PCP,Primary Care,B,0.136120650902475,34.6536088662966
DRSPLTY_18,Oncology,DRSPLTY_19,Ophthalmology,B,0.020698590540147,33.1201380181466
DRSPLTY_18,Oncology,DRSPLTY_1,Immunology,B,0.001181947233885,57.5771474447191
DRSPLTY_18,Oncology,DRSPLTY_3,Cardiology,B,0.008773099509023,42.5699708411166
DRSPLTY_18,Oncology,DRSPLTY_91,Other Dr Specialty,B,0.106722574208877,18.7679833296031
DRSPLTY_18,Oncology,DRSPLTY_33,Urology,B,0.007687364346377,22.5796484425111
DRSPLTY_18,Oncology,DRSPLTY_7,Gastroenterology,B,0.012384118198932,16.3463600335321
DRSPLTY_18,Oncology,DRSPLTY_9,General Surgery,B,0.01683766027575,18.2176059439451
DRSPLTY_18,Oncology,DRSPLTY_11,OB/GYN,B,0.013311866394953,43.5769653971383
DRSPLTY_18,Oncology,DRSPLTY_15,Nephrology,B,0.002397641623788,19.1855086411363
DRSPLTY_18,Oncology,DRSPLTY_20,Orthopedics,B,0.011668771875231,25.8785084311898
DRSPLTY_18,Oncology,DRSPLTY_28,Psychiatry,B,0.003542809533719,7.30647286803552
DRSPLTY_18,Oncology,DRSPLTY_16,Neurology,B,0.009855475713262,18.3613231582232
DRSPLTY_18,Oncology,DRSPLTY_18,Oncology,B,0.558406948052255,14.919068119026
DRSPLTY_18,Oncology,DRSPLTY_4,Dermatology,B,0.022005279354549,23.7876222756096
DRSPLTY_18,Oncology,DRSPLTY_22,Otorhinolaryngology,B,0.010265733943124,31.740639383881
DRSPLTY_4,Dermatology,HOME,Home,B,0.084203351205984,83.0803506200317
DRSPLTY_4,Dermatology,DRSPLTY_PCP,Primary Care,B,0.290538389440453,42.8884704962883
DRSPLTY_4,Dermatology,DRSPLTY_19,Ophthalmology,B,0.072009885580743,35.4662803303353
DRSPLTY_4,Dermatology,DRSPLTY_1,Immunology,B,0.012571695105089,13.6648116317328
DRSPLTY_4,Dermatology,DRSPLTY_3,Cardiology,B,0.016318355627377,46.8871042946136
DRSPLTY_4,Dermatology,DRSPLTY_91,Other Dr Specialty,B,0.098806279807142,27.7037671311571
DRSPLTY_4,Dermatology,DRSPLTY_33,Urology,B,0.018817018267457,20.9591539599836
DRSPLTY_4,Dermatology,DRSPLTY_7,Gastroenterology,B,0.022779823129746,39.4148904680474
DRSPLTY_4,Dermatology,DRSPLTY_9,General Surgery,B,0.007812469323395,20.4022052526678
DRSPLTY_4,Dermatology,DRSPLTY_11,OB/GYN,B,0.02931091462665,34.6360954580986
DRSPLTY_4,Dermatology,DRSPLTY_15,Nephrology,B,0.006870736304006,36.1954275571895
DRSPLTY_4,Dermatology,DRSPLTY_20,Orthopedics,B,0.031797966803926,36.1827342406871
DRSPLTY_4,Dermatology,DRSPLTY_28,Psychiatry,B,0.012085854457322,22.2727336605575
DRSPLTY_4,Dermatology,DRSPLTY_16,Neurology,B,0.012703796205913,27.3761674219958
DRSPLTY_4,Dermatology,DRSPLTY_18,Oncology,B,0.016758853651749,27.1338302539783
DRSPLTY_4,Dermatology,DRSPLTY_4,Dermatology,B,0.250296563563463,28.0809810384781
DRSPLTY_4,Dermatology,DRSPLTY_22,Otorhinolaryngology,B,0.016318046899585,23.5556105290161
DRSPLTY_22,Otorhinolaryngology,HOME,Home,B,0.06656682554269,69.6184243429946
DRSPLTY_22,Otorhinolaryngology,DRSPLTY_PCP,Primary Care,B,0.235647657482886,39.2049765719244
DRSPLTY_22,Otorhinolaryngology,DRSPLTY_19,Ophthalmology,B,0.046925470622006,22.8728648242023
DRSPLTY_22,Otorhinolaryngology,DRSPLTY_1,Immunology,B,0.008018436156326,10.264083054653
DRSPLTY_22,Otorhinolaryngology,DRSPLTY_3,Cardiology,B,0.014318079436491,16.9574785287239
DRSPLTY_22,Otorhinolaryngology,DRSPLTY_91,Other Dr Specialty,B,0.10665001755827,27.4878552321952
DRSPLTY_22,Otorhinolaryngology,DRSPLTY_33,Urology,B,0.011395804374194,24.1269877141265
DRSPLTY_22,Otorhinolaryngology,DRSPLTY_7,Gastroenterology,B,0.014312818945564,27.4247246282872
DRSPLTY_22,Otorhinolaryngology,DRSPLTY_9,General Surgery,B,0.003583128787692,44.3971355431363
DRSPLTY_22,Otorhinolaryngology,DRSPLTY_11,OB/GYN,B,0.021982316691035,20.3600361707246
DRSPLTY_22,Otorhinolaryngology,DRSPLTY_15,Nephrology,B,0.00220466713655,19.8103412425757
DRSPLTY_22,Otorhinolaryngology,DRSPLTY_20,Orthopedics,B,0.031552234985869,28.9801162848293
DRSPLTY_22,Otorhinolaryngology,DRSPLTY_28,Psychiatry,B,0.010951843568053,15.1551541087703
DRSPLTY_22,Otorhinolaryngology,DRSPLTY_16,Neurology,B,0.01891702324094,15.7437852573986
DRSPLTY_22,Otorhinolaryngology,DRSPLTY_18,Oncology,B,0.019143404192496,25.2647787132967
DRSPLTY_22,Otorhinolaryngology,DRSPLTY_4,Dermatology,B,0.034581000902016,26.9744000736223
DRSPLTY_22,Otorhinolaryngology,DRSPLTY_22,Otorhinolaryngology,B,0.353249270376923,17.3037362005915
HOME,Home,HOME,Home,C,0.029584573004153,467.51387889264
HOME,Home,DRSPLTY_PCP,Primary Care,C,0.519553171854272,69.5677271834269
HOME,Home,DRSPLTY_19,Ophthalmology,C,0.064745191527461,55.5431570344135
HOME,Home,DRSPLTY_1,Immunology,C,0.002515392558846,46.3238665864184
HOME,Home,DRSPLTY_3,Cardiology,C,0.081524499161694,59.6907325586836
HOME,Home,DRSPLTY_91,Other Dr Specialty,C,0.123767160027158,49.3245881646798
HOME,Home,DRSPLTY_33,Urology,C,0.018175809352323,57.1357456683853
HOME,Home,DRSPLTY_7,Gastroenterology,C,0.013183139488572,50.581781013007
HOME,Home,DRSPLTY_9,General Surgery,C,0.009118712121624,74.5804604389707
HOME,Home,DRSPLTY_11,OB/GYN,C,0.012424238476283,69.683069823681
HOME,Home,DRSPLTY_15,Nephrology,C,0.009805265218503,64.4566263228514
HOME,Home,DRSPLTY_20,Orthopedics,C,0.035090374820955,51.6840001846449
HOME,Home,DRSPLTY_28,Psychiatry,C,0.016722832692945,42.9291079348282
HOME,Home,DRSPLTY_16,Neurology,C,0.01299306270938,54.5051061103483
HOME,Home,DRSPLTY_18,Oncology,C,0.018730853438867,47.6183490400728
HOME,Home,DRSPLTY_4,Dermatology,C,0.023833738257303,60.5107665051283
HOME,Home,DRSPLTY_22,Otorhinolaryngology,C,0.008231985289662,52.0195486218445
DRSPLTY_PCP,Primary Care,HOME,Home,C,0.079300709973669,79.7324670718592
DRSPLTY_PCP,Primary Care,DRSPLTY_PCP,Primary Care,C,0.503394188387672,37.0600407493696
DRSPLTY_PCP,Primary Care,DRSPLTY_19,Ophthalmology,C,0.057907098994297,27.8827692529511
DRSPLTY_PCP,Primary Care,DRSPLTY_1,Immunology,C,0.00264406308162,23.5729751624044
DRSPLTY_PCP,Primary Care,DRSPLTY_3,Cardiology,C,0.066840321267503,27.2005770733156
DRSPLTY_PCP,Primary Care,DRSPLTY_91,Other Dr Specialty,C,0.10681190097541,25.5534622708362
DRSPLTY_PCP,Primary Care,DRSPLTY_33,Urology,C,0.019209633136403,22.5109249054609
DRSPLTY_PCP,Primary Care,DRSPLTY_7,Gastroenterology,C,0.016427208944461,23.5349481286864
DRSPLTY_PCP,Primary Care,DRSPLTY_9,General Surgery,C,0.009016501153675,24.8995500741264
DRSPLTY_PCP,Primary Care,DRSPLTY_11,OB/GYN,C,0.00895940562569,31.0141848684019
DRSPLTY_PCP,Primary Care,DRSPLTY_15,Nephrology,C,0.009461374619526,20.8555079325688
DRSPLTY_PCP,Primary Care,DRSPLTY_20,Orthopedics,C,0.038349376960079,24.3791775685388
DRSPLTY_PCP,Primary Care,DRSPLTY_28,Psychiatry,C,0.015803982622302,18.8069456509264
DRSPLTY_PCP,Primary Care,DRSPLTY_16,Neurology,C,0.015304452231715,21.8332444399939
DRSPLTY_PCP,Primary Care,DRSPLTY_18,Oncology,C,0.017955439008286,24.3727039731983
DRSPLTY_PCP,Primary Care,DRSPLTY_4,Dermatology,C,0.022646561307973,26.9314737876879
DRSPLTY_PCP,Primary Care,DRSPLTY_22,Otorhinolaryngology,C,0.00996778170972,22.0205767000238
DRSPLTY_19,Ophthalmology,HOME,Home,C,0.04581288931735,63.3647491592343
DRSPLTY_19,Ophthalmology,DRSPLTY_PCP,Primary Care,C,0.300267934642827,32.5882238964676
DRSPLTY_19,Ophthalmology,DRSPLTY_19,Ophthalmology,C,0.291023977695897,17.9635423651348
DRSPLTY_19,Ophthalmology,DRSPLTY_1,Immunology,C,0.005963691280296,11.1971363467507
DRSPLTY_19,Ophthalmology,DRSPLTY_3,Cardiology,C,0.066186111454189,24.5696512225543
DRSPLTY_19,Ophthalmology,DRSPLTY_91,Other Dr Specialty,C,0.121510356571992,21.6477787865961
DRSPLTY_19,Ophthalmology,DRSPLTY_33,Urology,C,0.016775422526847,20.1110720089331
DRSPLTY_19,Ophthalmology,DRSPLTY_7,Gastroenterology,C,0.013395483845541,22.5388949876525
DRSPLTY_19,Ophthalmology,DRSPLTY_9,General Surgery,C,0.010633599989749,19.5299229985631
DRSPLTY_19,Ophthalmology,DRSPLTY_11,OB/GYN,C,0.007973055464674,24.0929723210405
DRSPLTY_19,Ophthalmology,DRSPLTY_15,Nephrology,C,0.011450622966208,19.269267054726
DRSPLTY_19,Ophthalmology,DRSPLTY_20,Orthopedics,C,0.029886724847741,23.8304062142312
DRSPLTY_19,Ophthalmology,DRSPLTY_28,Psychiatry,C,0.008846258777796,21.465249067987
DRSPLTY_19,Ophthalmology,DRSPLTY_16,Neurology,C,0.01550049570174,20.2702422555592
DRSPLTY_19,Ophthalmology,DRSPLTY_18,Oncology,C,0.014583956431316,19.2588021029468
DRSPLTY_19,Ophthalmology,DRSPLTY_4,Dermatology,C,0.029728242100715,19.2324369644041
DRSPLTY_19,Ophthalmology,DRSPLTY_22,Otorhinolaryngology,C,0.010461176385123,21.4310091727632
DRSPLTY_1,Immunology,HOME,Home,C,0.031147346699077,37.2591861417273
DRSPLTY_1,Immunology,DRSPLTY_PCP,Primary Care,C,0.158126900856884,32.5015528015529
DRSPLTY_1,Immunology,DRSPLTY_19,Ophthalmology,C,0.045343138463532,14.2784408861904
DRSPLTY_1,Immunology,DRSPLTY_1,Immunology,C,0.418733036117551,13.102327290073
DRSPLTY_1,Immunology,DRSPLTY_3,Cardiology,C,0.061074896083572,17.8609459764676
DRSPLTY_1,Immunology,DRSPLTY_91,Other Dr Specialty,C,0.100972963669033,22.4857582514493
DRSPLTY_1,Immunology,DRSPLTY_33,Urology,C,0.005700396215585,5.70468323206992
DRSPLTY_1,Immunology,DRSPLTY_7,Gastroenterology,C,0.01358478149946,14.3912768431607
DRSPLTY_1,Immunology,DRSPLTY_9,General Surgery,C,0.005210155490247,9.7433903294283
DRSPLTY_1,Immunology,DRSPLTY_11,OB/GYN,C,0.008463971644563,42.4519569987681
DRSPLTY_1,Immunology,DRSPLTY_15,Nephrology,C,0.008787561335832,12.8082967978989
DRSPLTY_1,Immunology,DRSPLTY_20,Orthopedics,C,0.024573247313233,26.8450210847807
DRSPLTY_1,Immunology,DRSPLTY_28,Psychiatry,C,0.037516539009533,4.98739820972765
DRSPLTY_1,Immunology,DRSPLTY_16,Neurology,C,0.016543286787597,7.35714879870107
DRSPLTY_1,Immunology,DRSPLTY_18,Oncology,C,0.019651212715965,14.9863228526606
DRSPLTY_1,Immunology,DRSPLTY_4,Dermatology,C,0.028122010432215,14.6672089612653
DRSPLTY_1,Immunology,DRSPLTY_22,Otorhinolaryngology,C,0.016448555666121,13.9642212248352
DRSPLTY_3,Cardiology,HOME,Home,C,0.06167020829221,78.2699098207529
DRSPLTY_3,Cardiology,DRSPLTY_PCP,Primary Care,C,0.27305949199033,31.4397330128169
DRSPLTY_3,Cardiology,DRSPLTY_19,Ophthalmology,C,0.052570778582515,24.3940398359276
DRSPLTY_3,Cardiology,DRSPLTY_1,Immunology,C,0.003639523852075,21.0759338959135
DRSPLTY_3,Cardiology,DRSPLTY_3,Cardiology,C,0.337361279364177,25.0229975004407
DRSPLTY_3,Cardiology,DRSPLTY_91,Other Dr Specialty,C,0.114145675756949,20.3320762381937
DRSPLTY_3,Cardiology,DRSPLTY_33,Urology,C,0.021731889180869,19.3049254409603
DRSPLTY_3,Cardiology,DRSPLTY_7,Gastroenterology,C,0.012135851080794,21.3724779576182
DRSPLTY_3,Cardiology,DRSPLTY_9,General Surgery,C,0.007535057248604,15.4827618327039
DRSPLTY_3,Cardiology,DRSPLTY_11,OB/GYN,C,0.004682999508893,24.6120295797416
DRSPLTY_3,Cardiology,DRSPLTY_15,Nephrology,C,0.011119642762986,18.1751438615271
DRSPLTY_3,Cardiology,DRSPLTY_20,Orthopedics,C,0.032192784182997,20.8020893543715
DRSPLTY_3,Cardiology,DRSPLTY_28,Psychiatry,C,0.006334222375727,18.8188828492524
DRSPLTY_3,Cardiology,DRSPLTY_16,Neurology,C,0.013030451762983,17.8074807520408
DRSPLTY_3,Cardiology,DRSPLTY_18,Oncology,C,0.01387693866943,17.7804385403419
DRSPLTY_3,Cardiology,DRSPLTY_4,Dermatology,C,0.027263431692927,24.4329143261023
DRSPLTY_3,Cardiology,DRSPLTY_22,Otorhinolaryngology,C,0.007649773695534,17.6276660286124
DRSPLTY_91,Other Dr Specialty,HOME,Home,C,0.041544175851617,66.5905912863713
DRSPLTY_91,Other Dr Specialty,DRSPLTY_PCP,Primary Care,C,0.185779848534155,28.4844543913649
DRSPLTY_91,Other Dr Specialty,DRSPLTY_19,Ophthalmology,C,0.042539351299379,21.9583916158626
DRSPLTY_91,Other Dr Specialty,DRSPLTY_1,Immunology,C,0.00369546598044,14.0368566269244
DRSPLTY_91,Other Dr Specialty,DRSPLTY_3,Cardiology,C,0.047494920734648,20.613794187654
DRSPLTY_91,Other Dr Specialty,DRSPLTY_91,Other Dr Specialty,C,0.525875017904008,12.3642342863905
DRSPLTY_91,Other Dr Specialty,DRSPLTY_33,Urology,C,0.012960225783089,20.4852551408353
DRSPLTY_91,Other Dr Specialty,DRSPLTY_7,Gastroenterology,C,0.011180345216068,17.6884176401347
DRSPLTY_91,Other Dr Specialty,DRSPLTY_9,General Surgery,C,0.008000428152555,16.3116363652958
DRSPLTY_91,Other Dr Specialty,DRSPLTY_11,OB/GYN,C,0.007593268007675,18.7157896190146
DRSPLTY_91,Other Dr Specialty,DRSPLTY_15,Nephrology,C,0.011070924965505,15.5271218942853
DRSPLTY_91,Other Dr Specialty,DRSPLTY_20,Orthopedics,C,0.028565974815007,17.4222857036238
DRSPLTY_91,Other Dr Specialty,DRSPLTY_28,Psychiatry,C,0.013364767042671,13.0195704634138
DRSPLTY_91,Other Dr Specialty,DRSPLTY_16,Neurology,C,0.015819331020948,17.7056927725205
DRSPLTY_91,Other Dr Specialty,DRSPLTY_18,Oncology,C,0.019660423895527,13.7407175824838
DRSPLTY_91,Other Dr Specialty,DRSPLTY_4,Dermatology,C,0.017558248518323,17.6715195742926
DRSPLTY_91,Other Dr Specialty,DRSPLTY_22,Otorhinolaryngology,C,0.007297282278387,18.8950419481287
DRSPLTY_33,Urology,HOME,Home,C,0.044869562370602,74.5969818632017
DRSPLTY_33,Urology,DRSPLTY_PCP,Primary Care,C,0.274727252617811,25.3280244501437
DRSPLTY_33,Urology,DRSPLTY_19,Ophthalmology,C,0.056873334060318,21.2479818679101
DRSPLTY_33,Urology,DRSPLTY_1,Immunology,C,0.002516330115454,2.32566733709259
DRSPLTY_33,Urology,DRSPLTY_3,Cardiology,C,0.073596678222639,23.0961540070096
DRSPLTY_33,Urology,DRSPLTY_91,Other Dr Specialty,C,0.116875663360399,17.8038645113674
DRSPLTY_33,Urology,DRSPLTY_33,Urology,C,0.267527015597465,18.4730793302982
DRSPLTY_33,Urology,DRSPLTY_7,Gastroenterology,C,0.015945747047938,19.51001469094
DRSPLTY_33,Urology,DRSPLTY_9,General Surgery,C,0.010257347020953,15.9787221757488
DRSPLTY_33,Urology,DRSPLTY_11,OB/GYN,C,0.004319501644639,17.6835155347431
DRSPLTY_33,Urology,DRSPLTY_15,Nephrology,C,0.00949522427601,25.5186899488032
DRSPLTY_33,Urology,DRSPLTY_20,Orthopedics,C,0.026348396490766,20.067425808392
DRSPLTY_33,Urology,DRSPLTY_28,Psychiatry,C,0.01523928208308,14.1215886804729
DRSPLTY_33,Urology,DRSPLTY_16,Neurology,C,0.019068782613343,30.1044439431537
DRSPLTY_33,Urology,DRSPLTY_18,Oncology,C,0.025741559893791,16.5857130959811
DRSPLTY_33,Urology,DRSPLTY_4,Dermatology,C,0.029761392367687,19.5430294793834
DRSPLTY_33,Urology,DRSPLTY_22,Otorhinolaryngology,C,0.006836930217107,22.7260413073858
DRSPLTY_7,Gastroenterology,HOME,Home,C,0.047934178523621,63.6167459094134
DRSPLTY_7,Gastroenterology,DRSPLTY_PCP,Primary Care,C,0.277150464085702,31.0327375572876
DRSPLTY_7,Gastroenterology,DRSPLTY_19,Ophthalmology,C,0.04229316796038,17.3419456932663
DRSPLTY_7,Gastroenterology,DRSPLTY_1,Immunology,C,0.003205559662097,9.73387290583748
DRSPLTY_7,Gastroenterology,DRSPLTY_3,Cardiology,C,0.071982075652243,23.9841650360265
DRSPLTY_7,Gastroenterology,DRSPLTY_91,Other Dr Specialty,C,0.115125132891983,22.305463758857
DRSPLTY_7,Gastroenterology,DRSPLTY_33,Urology,C,0.017640635521183,14.4962358952257
DRSPLTY_7,Gastroenterology,DRSPLTY_7,Gastroenterology,C,0.230147125229528,12.4130696982581
DRSPLTY_7,Gastroenterology,DRSPLTY_9,General Surgery,C,0.01956380176209,13.6762757563911
DRSPLTY_7,Gastroenterology,DRSPLTY_11,OB/GYN,C,0.018817943296458,9.91343003909781
DRSPLTY_7,Gastroenterology,DRSPLTY_15,Nephrology,C,0.007760538492125,16.5501769215354
DRSPLTY_7,Gastroenterology,DRSPLTY_20,Orthopedics,C,0.0452578435287,11.9650232112393
DRSPLTY_7,Gastroenterology,DRSPLTY_28,Psychiatry,C,0.00966058547315,17.6741355329803
DRSPLTY_7,Gastroenterology,DRSPLTY_16,Neurology,C,0.019841634525219,22.1973290088981
DRSPLTY_7,Gastroenterology,DRSPLTY_18,Oncology,C,0.030072598555803,17.0315740268244
DRSPLTY_7,Gastroenterology,DRSPLTY_4,Dermatology,C,0.036475164885623,19.6434022296505
DRSPLTY_7,Gastroenterology,DRSPLTY_22,Otorhinolaryngology,C,0.007071549954095,40.6616524582739
DRSPLTY_9,General Surgery,HOME,Home,C,0.040818389203176,86.2334786185878
DRSPLTY_9,General Surgery,DRSPLTY_PCP,Primary Care,C,0.247179264678147,27.828183100464
DRSPLTY_9,General Surgery,DRSPLTY_19,Ophthalmology,C,0.044915340519865,23.3770144019728
DRSPLTY_9,General Surgery,DRSPLTY_1,Immunology,C,0.001812935959913,6.48621543219673
DRSPLTY_9,General Surgery,DRSPLTY_3,Cardiology,C,0.04398561310583,21.7022336448869
DRSPLTY_9,General Surgery,DRSPLTY_91,Other Dr Specialty,C,0.130600407166944,12.8261298119945
DRSPLTY_9,General Surgery,DRSPLTY_33,Urology,C,0.023155650124879,18.5041370198281
DRSPLTY_9,General Surgery,DRSPLTY_7,Gastroenterology,C,0.01847522857683,18.0911279416058
DRSPLTY_9,General Surgery,DRSPLTY_9,General Surgery,C,0.295632082311058,12.1634674377937
DRSPLTY_9,General Surgery,DRSPLTY_11,OB/GYN,C,0.010127122318783,10.400682839738
DRSPLTY_9,General Surgery,DRSPLTY_15,Nephrology,C,0.021710596155185,13.1805045727083
DRSPLTY_9,General Surgery,DRSPLTY_20,Orthopedics,C,0.04511805070265,15.7984625746407
DRSPLTY_9,General Surgery,DRSPLTY_28,Psychiatry,C,0.009651623688953,19.9051572333127
DRSPLTY_9,General Surgery,DRSPLTY_16,Neurology,C,0.010478566119708,14.0533941696423
DRSPLTY_9,General Surgery,DRSPLTY_18,Oncology,C,0.032419384809378,16.3275537783023
DRSPLTY_9,General Surgery,DRSPLTY_4,Dermatology,C,0.012290239730461,31.4928549726553
DRSPLTY_9,General Surgery,DRSPLTY_22,Otorhinolaryngology,C,0.01162950482824,11.6667844998897
DRSPLTY_11,OB/GYN,HOME,Home,C,0.061158384282133,71.0502038861978
DRSPLTY_11,OB/GYN,DRSPLTY_PCP,Primary Care,C,0.25172189596291,32.1302054373848
DRSPLTY_11,OB/GYN,DRSPLTY_19,Ophthalmology,C,0.052669725257524,20.925097916557
DRSPLTY_11,OB/GYN,DRSPLTY_1,Immunology,C,0.004215556392333,81.9292478486467
DRSPLTY_11,OB/GYN,DRSPLTY_3,Cardiology,C,0.042666420035532,16.0940385789736
DRSPLTY_11,OB/GYN,DRSPLTY_91,Other Dr Specialty,C,0.1419188353397,22.8844229260921
DRSPLTY_11,OB/GYN,DRSPLTY_33,Urology,C,0.014763445275023,13.3693547940908
DRSPLTY_11,OB/GYN,DRSPLTY_7,Gastroenterology,C,0.020033653250869,14.7230881706423
DRSPLTY_11,OB/GYN,DRSPLTY_9,General Surgery,C,0.021190824650518,27.5041631787907
DRSPLTY_11,OB/GYN,DRSPLTY_11,OB/GYN,C,0.238810774973448,21.8333029333758
DRSPLTY_11,OB/GYN,DRSPLTY_15,Nephrology,C,0.005475657116243,26.855146566624
DRSPLTY_11,OB/GYN,DRSPLTY_20,Orthopedics,C,0.029384210957971,24.0464207233997
DRSPLTY_11,OB/GYN,DRSPLTY_28,Psychiatry,C,0.021386310220649,14.29927785097
DRSPLTY_11,OB/GYN,DRSPLTY_16,Neurology,C,0.01809099550666,12.9166845615265
DRSPLTY_11,OB/GYN,DRSPLTY_18,Oncology,C,0.035224997640287,18.9068103663912
DRSPLTY_11,OB/GYN,DRSPLTY_4,Dermatology,C,0.02386316718818,38.7181950739849
DRSPLTY_11,OB/GYN,DRSPLTY_22,Otorhinolaryngology,C,0.017425145950021,29.6587042598742
DRSPLTY_15,Nephrology,HOME,Home,C,0.02679705862983,92.8117602859433
DRSPLTY_15,Nephrology,DRSPLTY_PCP,Primary Care,C,0.126837896061168,19.8200975251695
DRSPLTY_15,Nephrology,DRSPLTY_19,Ophthalmology,C,0.029937347164901,15.9119313046166
DRSPLTY_15,Nephrology,DRSPLTY_1,Immunology,C,0.001449420024746,12.1299293721756
DRSPLTY_15,Nephrology,DRSPLTY_3,Cardiology,C,0.030953442155676,14.5053618845365
DRSPLTY_15,Nephrology,DRSPLTY_91,Other Dr Specialty,C,0.078846229108923,16.9510898371223
DRSPLTY_15,Nephrology,DRSPLTY_33,Urology,C,0.009737648898121,13.5773272197415
DRSPLTY_15,Nephrology,DRSPLTY_7,Gastroenterology,C,0.006286100102894,12.0245912632774
DRSPLTY_15,Nephrology,DRSPLTY_9,General Surgery,C,0.010042746571172,9.8521039907923
DRSPLTY_15,Nephrology,DRSPLTY_11,OB/GYN,C,0.001227673888142,3.94539418606837
DRSPLTY_15,Nephrology,DRSPLTY_15,Nephrology,C,0.630566550896899,6.43223795806466
DRSPLTY_15,Nephrology,DRSPLTY_20,Orthopedics,C,0.01393783004848,16.8137981902232
DRSPLTY_15,Nephrology,DRSPLTY_28,Psychiatry,C,0.004112257595918,4.46508920016652
DRSPLTY_15,Nephrology,DRSPLTY_16,Neurology,C,0.008152445983159,23.4692593774531
DRSPLTY_15,Nephrology,DRSPLTY_18,Oncology,C,0.00913870961677,15.0495688342516
DRSPLTY_15,Nephrology,DRSPLTY_4,Dermatology,C,0.008698714425157,5.29337504802471
DRSPLTY_15,Nephrology,DRSPLTY_22,Otorhinolaryngology,C,0.003277928828046,13.0742564982879
DRSPLTY_20,Orthopedics,HOME,Home,C,0.044951335516823,63.3715034834923
DRSPLTY_20,Orthopedics,DRSPLTY_PCP,Primary Care,C,0.231640654360724,29.1634460951623
DRSPLTY_20,Orthopedics,DRSPLTY_19,Ophthalmology,C,0.038918221500825,19.1626248327749
DRSPLTY_20,Orthopedics,DRSPLTY_1,Immunology,C,0.001882751200698,10.60564748203
DRSPLTY_20,Orthopedics,DRSPLTY_3,Cardiology,C,0.05626648430146,19.84585033432
DRSPLTY_20,Orthopedics,DRSPLTY_91,Other Dr Specialty,C,0.096540398261237,17.4715355138761
DRSPLTY_20,Orthopedics,DRSPLTY_33,Urology,C,0.011321682082229,24.0545040082709
DRSPLTY_20,Orthopedics,DRSPLTY_7,Gastroenterology,C,0.017427677572257,14.5629160407478
DRSPLTY_20,Orthopedics,DRSPLTY_9,General Surgery,C,0.010030792546229,25.740112472132
DRSPLTY_20,Orthopedics,DRSPLTY_11,OB/GYN,C,0.005196042817351,16.6514035444635
DRSPLTY_20,Orthopedics,DRSPLTY_15,Nephrology,C,0.007378514715868,15.5290939901479
DRSPLTY_20,Orthopedics,DRSPLTY_20,Orthopedics,C,0.413841332827914,14.3171449836326
DRSPLTY_20,Orthopedics,DRSPLTY_28,Psychiatry,C,0.010385258727376,10.8184813571433
DRSPLTY_20,Orthopedics,DRSPLTY_16,Neurology,C,0.018417394169718,20.7671732688159
DRSPLTY_20,Orthopedics,DRSPLTY_18,Oncology,C,0.008914347677635,18.5086801383752
DRSPLTY_20,Orthopedics,DRSPLTY_4,Dermatology,C,0.021998691059235,21.9279481446517
DRSPLTY_20,Orthopedics,DRSPLTY_22,Otorhinolaryngology,C,0.00488842066242,17.5000794320697
DRSPLTY_28,Psychiatry,HOME,Home,C,0.036545734824055,49.4414264848214
DRSPLTY_28,Psychiatry,DRSPLTY_PCP,Primary Care,C,0.235132093263324,18.7540723514334
DRSPLTY_28,Psychiatry,DRSPLTY_19,Ophthalmology,C,0.025061480705173,20.0173277313898
DRSPLTY_28,Psychiatry,DRSPLTY_1,Immunology,C,0.007418802461355,10.4380665946023
DRSPLTY_28,Psychiatry,DRSPLTY_3,Cardiology,C,0.027363502296048,20.8096532932355
DRSPLTY_28,Psychiatry,DRSPLTY_91,Other Dr Specialty,C,0.107812119450259,16.2514217947624
DRSPLTY_28,Psychiatry,DRSPLTY_33,Urology,C,0.010721739401169,9.44333503416849
DRSPLTY_28,Psychiatry,DRSPLTY_7,Gastroenterology,C,0.008862044747768,13.0128217917868
DRSPLTY_28,Psychiatry,DRSPLTY_9,General Surgery,C,0.004713065612484,28.31316667936
DRSPLTY_28,Psychiatry,DRSPLTY_11,OB/GYN,C,0.009681959356479,14.9456277347351
DRSPLTY_28,Psychiatry,DRSPLTY_15,Nephrology,C,0.005895085107762,17.4489361966224
DRSPLTY_28,Psychiatry,DRSPLTY_20,Orthopedics,C,0.029427541839466,9.56578804511649
DRSPLTY_28,Psychiatry,DRSPLTY_28,Psychiatry,C,0.451943982211795,16.96450041175
DRSPLTY_28,Psychiatry,DRSPLTY_16,Neurology,C,0.01442562461712,12.1409543378526
DRSPLTY_28,Psychiatry,DRSPLTY_18,Oncology,C,0.008907595529455,8.41334334228592
DRSPLTY_28,Psychiatry,DRSPLTY_4,Dermatology,C,0.009491428602616,11.0322733330187
DRSPLTY_28,Psychiatry,DRSPLTY_22,Otorhinolaryngology,C,0.006596199973672,12.1839827853018
DRSPLTY_16,Neurology,HOME,Home,C,0.035877688328428,65.768503308686
DRSPLTY_16,Neurology,DRSPLTY_PCP,Primary Care,C,0.246752965664262,23.722159820728
DRSPLTY_16,Neurology,DRSPLTY_19,Ophthalmology,C,0.056830061894378,24.4858915552312
DRSPLTY_16,Neurology,DRSPLTY_1,Immunology,C,0.006645584914936,19.9460046995456
DRSPLTY_16,Neurology,DRSPLTY_3,Cardiology,C,0.061297793796812,15.8367976204026
DRSPLTY_16,Neurology,DRSPLTY_91,Other Dr Specialty,C,0.147878277586004,17.870807868469
DRSPLTY_16,Neurology,DRSPLTY_33,Urology,C,0.010819290306413,10.3294487258438
DRSPLTY_16,Neurology,DRSPLTY_7,Gastroenterology,C,0.017251635449404,14.3441921291341
DRSPLTY_16,Neurology,DRSPLTY_9,General Surgery,C,0.005549294016,20.2410281412359
DRSPLTY_16,Neurology,DRSPLTY_11,OB/GYN,C,0.009047935895963,19.5499577479991
DRSPLTY_16,Neurology,DRSPLTY_15,Nephrology,C,0.008168182300833,8.22125541295064
DRSPLTY_16,Neurology,DRSPLTY_20,Orthopedics,C,0.037460722030909,16.7421555265908
DRSPLTY_16,Neurology,DRSPLTY_28,Psychiatry,C,0.021175178776058,18.3685979520836
DRSPLTY_16,Neurology,DRSPLTY_16,Neurology,C,0.282614697854189,15.0056242322545
DRSPLTY_16,Neurology,DRSPLTY_18,Oncology,C,0.016945565214338,15.6306463522494
DRSPLTY_16,Neurology,DRSPLTY_4,Dermatology,C,0.024125665385833,17.5091686392985
DRSPLTY_16,Neurology,DRSPLTY_22,Otorhinolaryngology,C,0.01155946058524,21.3549672200679
DRSPLTY_18,Oncology,HOME,Home,C,0.036630317518345,54.8327796182491
DRSPLTY_18,Oncology,DRSPLTY_PCP,Primary Care,C,0.166934280056517,24.9284419042946
DRSPLTY_18,Oncology,DRSPLTY_19,Ophthalmology,C,0.026736291512365,18.936767487038
DRSPLTY_18,Oncology,DRSPLTY_1,Immunology,C,0.003483113388152,12.8661568847344
DRSPLTY_18,Oncology,DRSPLTY_3,Cardiology,C,0.031947884409031,19.3394045029966
DRSPLTY_18,Oncology,DRSPLTY_91,Other Dr Specialty,C,0.095908539156103,13.1424544640601
DRSPLTY_18,Oncology,DRSPLTY_33,Urology,C,0.016390231258252,19.3654071598119
DRSPLTY_18,Oncology,DRSPLTY_7,Gastroenterology,C,0.01208518641845,14.2701591897255
DRSPLTY_18,Oncology,DRSPLTY_9,General Surgery,C,0.008295143437948,11.0989056013279
DRSPLTY_18,Oncology,DRSPLTY_11,OB/GYN,C,0.009514962727119,17.8698332321935
DRSPLTY_18,Oncology,DRSPLTY_15,Nephrology,C,0.005393920472183,5.32029275473006
DRSPLTY_18,Oncology,DRSPLTY_20,Orthopedics,C,0.013361000938338,14.0268193234295
DRSPLTY_18,Oncology,DRSPLTY_28,Psychiatry,C,0.00836976896042,13.6916656416198
DRSPLTY_18,Oncology,DRSPLTY_16,Neurology,C,0.006033779774013,17.6323949840924
DRSPLTY_18,Oncology,DRSPLTY_18,Oncology,C,0.538641191673522,9.23685269324707
DRSPLTY_18,Oncology,DRSPLTY_4,Dermatology,C,0.017413900915396,20.6691041725832
DRSPLTY_18,Oncology,DRSPLTY_22,Otorhinolaryngology,C,0.002860487383846,11.6249414031081
DRSPLTY_4,Dermatology,HOME,Home,C,0.038198940755149,49.2247442209525
DRSPLTY_4,Dermatology,DRSPLTY_PCP,Primary Care,C,0.26722670327176,30.5908678314423
DRSPLTY_4,Dermatology,DRSPLTY_19,Ophthalmology,C,0.074353368139142,20.1575711847453
DRSPLTY_4,Dermatology,DRSPLTY_1,Immunology,C,0.00931330747895,15.9311297226025
DRSPLTY_4,Dermatology,DRSPLTY_3,Cardiology,C,0.068929689629497,25.1501739558278
DRSPLTY_4,Dermatology,DRSPLTY_91,Other Dr Specialty,C,0.11282998672524,15.8347117204885
DRSPLTY_4,Dermatology,DRSPLTY_33,Urology,C,0.02687588678987,20.5221562349691
DRSPLTY_4,Dermatology,DRSPLTY_7,Gastroenterology,C,0.020873790357072,14.2947754454392
DRSPLTY_4,Dermatology,DRSPLTY_9,General Surgery,C,0.007697199069231,11.1033157715373
DRSPLTY_4,Dermatology,DRSPLTY_11,OB/GYN,C,0.012736422611245,28.5138057437217
DRSPLTY_4,Dermatology,DRSPLTY_15,Nephrology,C,0.00539003919338,9.96539336091397
DRSPLTY_4,Dermatology,DRSPLTY_20,Orthopedics,C,0.03643112558224,28.8790070083246
DRSPLTY_4,Dermatology,DRSPLTY_28,Psychiatry,C,0.009293704642333,12.316088871117
DRSPLTY_4,Dermatology,DRSPLTY_16,Neurology,C,0.01815580446377,15.7137880217135
DRSPLTY_4,Dermatology,DRSPLTY_18,Oncology,C,0.018992158908207,15.0715360935065
DRSPLTY_4,Dermatology,DRSPLTY_4,Dermatology,C,0.261031531105202,16.8950643329377
DRSPLTY_4,Dermatology,DRSPLTY_22,Otorhinolaryngology,C,0.011670341277714,21.8325237745743
DRSPLTY_22,Otorhinolaryngology,HOME,Home,C,0.045845779824714,47.7228248213417
DRSPLTY_22,Otorhinolaryngology,DRSPLTY_PCP,Primary Care,C,0.262294061322874,26.1151999761858
DRSPLTY_22,Otorhinolaryngology,DRSPLTY_19,Ophthalmology,C,0.059328779057052,36.6746949324998
DRSPLTY_22,Otorhinolaryngology,DRSPLTY_1,Immunology,C,0.012866098342298,19.0810110072891
DRSPLTY_22,Otorhinolaryngology,DRSPLTY_3,Cardiology,C,0.057105579788895,18.1356887097282
DRSPLTY_22,Otorhinolaryngology,DRSPLTY_91,Other Dr Specialty,C,0.124654150946275,17.2076636918719
DRSPLTY_22,Otorhinolaryngology,DRSPLTY_33,Urology,C,0.024200400795711,17.2470524615944
DRSPLTY_22,Otorhinolaryngology,DRSPLTY_7,Gastroenterology,C,0.011864155602132,30.1870917162346
DRSPLTY_22,Otorhinolaryngology,DRSPLTY_9,General Surgery,C,0.008150580112342,21.6558931553891
DRSPLTY_22,Otorhinolaryngology,DRSPLTY_11,OB/GYN,C,0.005541842420468,10.1721025438786
DRSPLTY_22,Otorhinolaryngology,DRSPLTY_15,Nephrology,C,0.006652351856187,22.7174254897646
DRSPLTY_22,Otorhinolaryngology,DRSPLTY_20,Orthopedics,C,0.022391003707561,33.8260187668977
DRSPLTY_22,Otorhinolaryngology,DRSPLTY_28,Psychiatry,C,0.012497587882765,22.9778120018438
DRSPLTY_22,Otorhinolaryngology,DRSPLTY_16,Neurology,C,0.02421895148936,11.6271567237212
DRSPLTY_22,Otorhinolaryngology,DRSPLTY_18,Oncology,C,0.013117148294094,42.1097204839871
DRSPLTY_22,Otorhinolaryngology,DRSPLTY_4,Dermatology,C,0.032307132961095,20.539716651381
DRSPLTY_22,Otorhinolaryngology,DRSPLTY_22,Otorhinolaryngology,C,0.276964395596178,13.693382522352
